#CREATE SCHEMA "BIGDATA";


create tablespace {{dmdp_fg_service_username}} datafile '{{dm7_dmdbms_path}}/data/DAMENG/{{dmdp_fg_service_username}}.DBF' size {{dm7_tablespace_size}};
create user {{dmdp_fg_service_username}} identified by {{dmdp_fg_service_password}} default tablespace {{dmdp_fg_service_username}};
grant CREATE LINK, CREATE VIEW, CREATE PROCEDURE, CREATE PUBLIC SYNONYM, CREATE SYNONYM, CREATE ROLE, CREATE SEQUENCE, CREATE TABLE, CREATE TRIGGER to {{dmdp_fg_service_username}};


DROP TABLE "BIGDATA"."ANALYSE_JOB";
CREATE TABLE "BIGDATA"."ANALYSE_JOB"
(
 "OID" VARCHAR(64) NOT NULL,
 "PID" VARCHAR(64) DEFAULT '0'
 NOT NULL,
 "NAME" VARCHAR(100) NOT NULL,
 "TYPE" VARCHAR(100) NULL,
 "DESCRIPTION" VARCHAR(4000) NULL,
 "DATASOURCE_ID" VARCHAR(64) NULL,
 "OUTPUT_SCHEMA" VARCHAR(64) NULL,
 "MXGRAPH" CLOB NULL,
 "SORT" INT NULL,
 "CREATED_USER" VARCHAR(100) NULL,
 "CREATED_TIME" DATETIME(6) NULL,
 "UPDATED_USER" VARCHAR(100) NULL,
 "UPDATED_TIME" DATETIME(6) NULL
);

DROP TABLE "BIGDATA"."ANALYSE_NODE";
CREATE TABLE "BIGDATA"."ANALYSE_NODE"
(
 "OID" VARCHAR(64) NOT NULL,
 "JOB_ID" VARCHAR(64) NOT NULL,
 "TASK_ID" VARCHAR(64) NULL,
 "NAME" VARCHAR(100) NOT NULL,
 "TYPE" VARCHAR(100) NULL,
 "DESCRIPTION" VARCHAR(4000) NULL,
 "STATE" VARCHAR(64) NULL,
 "INPUTS" VARCHAR(1000) NULL,
 "PARAM" CLOB NULL,
 "CREATED_USER" VARCHAR(100) NULL,
 "CREATED_TIME" DATETIME(6) NULL,
 "UPDATED_USER" VARCHAR(100) NULL,
 "UPDATED_TIME" DATETIME(6) NULL
);

DROP TABLE "BIGDATA"."ANALYSE_NODE_OUTPUT";
CREATE TABLE "BIGDATA"."ANALYSE_NODE_OUTPUT"
(
 "OID" VARCHAR(64) NOT NULL,
 "NODE_ID" VARCHAR(64) NOT NULL,
 "TYPE" VARCHAR(100) NULL,
 "DESCRIPTION" VARCHAR(4000) NULL,
 "OUTPUT" VARCHAR(4000) NULL,
  CLUSTER PRIMARY KEY("OID") ENABLE 
);

DROP TABLE "BIGDATA"."ANALYSE_NODE_OUTPUT_COL";
CREATE TABLE "BIGDATA"."ANALYSE_NODE_OUTPUT_COL"
(
 "OID" VARCHAR(64) NOT NULL,
 "OUTPUT_ID" VARCHAR(64) NOT NULL,
 "NAME" VARCHAR(100) NULL,
 "VALUE" VARCHAR(4000) NULL,
 "TYPE" VARCHAR(100) NULL,
 "OUTPUT_TYPE" VARCHAR(100) NULL,
 "AXIS" VARCHAR(10) NULL,
 "GROUP_TYPE" VARCHAR(100) NULL,
 "CAPTION" VARCHAR(4000) NULL,
 "DESCRIPTION" VARCHAR(4000) NULL,
 "SORT" INT NULL,
  CLUSTER PRIMARY KEY("OID") ENABLE 
);

DROP TABLE "BIGDATA"."ANALYSE_PARAM";
CREATE TABLE "BIGDATA"."ANALYSE_PARAM"
(
 "OID" VARCHAR(64) NOT NULL,
 "NAME" VARCHAR(100) NOT NULL,
 "VALUE" VARCHAR(1000) NULL,
 "TYPE" VARCHAR(100) NULL,
 "SCOPE" VARCHAR(100) NULL,
 "JOB_ID" VARCHAR(64) NULL,
 "DESCRIPTION" VARCHAR(4000) NULL,
 "CREATED_USER" VARCHAR(100) NULL,
 "CREATED_TIME" DATETIME(6) NULL,
 "UPDATED_USER" VARCHAR(100) NULL,
 "UPDATED_TIME" DATETIME(6) NULL,
  CLUSTER PRIMARY KEY("OID") ENABLE 
);

DROP TABLE "BIGDATA"."DATASOURCE_DATACOLUMN";
CREATE TABLE "BIGDATA"."DATASOURCE_DATACOLUMN"
(
 "OID" VARCHAR(64) NOT NULL,
 "DATASET_ID" VARCHAR(64) NULL,
 "NAME" VARCHAR(200) NOT NULL,
 "CAPTION" VARCHAR(2000) NULL,
 "CODE" VARCHAR(200) NULL,
 "DESCRIPTION" VARCHAR(1000) NULL,
 "COLUMN_TYPE" VARCHAR(64) NULL,
 "COLUMN_LENGTH" INT NULL,
 "COLUMN_SCALE" INT NULL,
 "DEFAULT_VALUE" VARCHAR(1000) NULL,
 "NULLABLE" SMALLINT NULL,
 "JDBC_TYPE" INT NULL,
 "JAVA_TYPE" VARCHAR(64) NULL,
 "IS_IDENTITY" SMALLINT NULL,
 "IDENTITY_SEED" INT NULL,
 "IDENTITY_INCR" INT NULL,
 "DEGREE" INT NULL,
 "IS_PUBLIC" INT NULL,
 "DICT_ID" VARCHAR(128) NULL,
 "STANDARD_COLUMN_ID" VARCHAR(128) NULL,
 "CREATOR" VARCHAR(64) NOT NULL,
 "CREATE_TIME" DATETIME(6) NOT NULL,
 "MODIFIER" VARCHAR(64) NULL,
 "MODIFY_TIME" DATETIME(6) NULL,
 "OWNER" VARCHAR(64) NULL,
 "OWN_TIME" DATETIME(6) NULL,
 "VERSION_MAJOR" INT NOT NULL,
 "VERSION_MINOR" INT NOT NULL,
 "RESERVED1" VARCHAR(128) NULL,
 "RESERVED2" VARCHAR(128) NULL,
 "SORT_NO" INT NULL,
  CLUSTER PRIMARY KEY("OID") ENABLE 
);

DROP TABLE "BIGDATA"."DATASOURCE_DATACOLUMN_ARCHIVE";
CREATE TABLE "BIGDATA"."DATASOURCE_DATACOLUMN_ARCHIVE"
(
 "OID" VARCHAR(64) NOT NULL,
 "DATASET_ARCHIVE_ID" VARCHAR(64) NOT NULL,
 "DATASET_ID" VARCHAR(64) NULL,
 "NAME" VARCHAR(200) NOT NULL,
 "CAPTION" VARCHAR(2000) NULL,
 "CODE" VARCHAR(200) NULL,
 "DESCRIPTION" VARCHAR(1000) NULL,
 "COLUMN_TYPE" VARCHAR(64) NULL,
 "COLUMN_LENGTH" INT NULL,
 "COLUMN_SCALE" INT NULL,
 "DEFAULT_VALUE" VARCHAR(1000) NULL,
 "NULLABLE" SMALLINT NULL,
 "JDBC_TYPE" INT NULL,
 "JAVA_TYPE" VARCHAR(64) NULL,
 "IS_IDENTITY" SMALLINT NULL,
 "IDENTITY_SEED" INT NULL,
 "IDENTITY_INCR" INT NULL,
 "DEGREE" INT NULL,
 "IS_PUBLIC" INT NULL,
 "DICT_ID" VARCHAR(128) NULL,
 "STANDARD_COLUMN_ID" VARCHAR(128) NULL,
 "CREATOR" VARCHAR(64) NOT NULL,
 "CREATE_TIME" DATETIME(6) NOT NULL,
 "MODIFIER" VARCHAR(64) NULL,
 "MODIFY_TIME" DATETIME(6) NULL,
 "OWNER" VARCHAR(64) NULL,
 "OWN_TIME" DATETIME(6) NULL,
 "VERSION_MAJOR" INT NOT NULL,
 "VERSION_MINOR" INT NOT NULL,
 "RESERVED1" VARCHAR(128) NULL,
 "RESERVED2" VARCHAR(128) NULL,
 "SORT_NO" INT NULL,
  CLUSTER PRIMARY KEY("OID") ENABLE 
);

DROP TABLE "BIGDATA"."DATASOURCE_DATASET";
CREATE TABLE "BIGDATA"."DATASOURCE_DATASET"
(
 "OID" VARCHAR(64) NOT NULL,
 "DATASOURCE_ID" VARCHAR(64) NULL,
 "DATASOURCE_TYPE" SMALLINT NOT NULL,
 "DATASOURCE_TYPE_VERSION" VARCHAR(64) NOT NULL,
 "NAME" VARCHAR(200) NOT NULL,
 "CAPTION" VARCHAR(2000) NOT NULL,
 "CODE" VARCHAR(200) NULL,
 "DESCRIPTION" VARCHAR(1000) NULL,
 "TYPE" SMALLINT NULL,
 "CATALOG_NAME" VARCHAR(64) NULL,
 "SCHEMA_NAME" VARCHAR(64) NOT NULL,
 "ROW_COUNT" BIGINT NULL,
 "COUNT_TIME" DATETIME(6) NULL,
 "DATA_UPDATE_TIME" DATETIME(6) NULL,
 "PRIMARY_KEYS" VARCHAR(1000) NULL,
 "PARAM" CLOB NULL,
 "QUERY_SQL" CLOB NULL,
 "NODE_ID" VARCHAR(64) NULL,
 "ORG_ID" VARCHAR(64) NULL,
 "DEGREE" INT NULL,
 "STATUS" INT NULL,
 "CREATOR" VARCHAR(64) NOT NULL,
 "CREATE_TIME" DATETIME(6) NOT NULL,
 "MODIFIER" VARCHAR(64) NULL,
 "MODIFY_TIME" DATETIME(6) NULL,
 "OWNER" VARCHAR(64) NULL,
 "OWN_TIME" DATETIME(6) NULL,
 "VERSION_MAJOR" INT NOT NULL,
 "VERSION_MINOR" INT NOT NULL,
 "RESERVED1" VARCHAR(128) NULL,
 "RESERVED2" VARCHAR(128) NULL,
 "SORT_NO" INT NULL
);

DROP TABLE "BIGDATA"."DATASOURCE_DATASET_ARCHIVE";
CREATE TABLE "BIGDATA"."DATASOURCE_DATASET_ARCHIVE"
(
 "OID" VARCHAR(64) NOT NULL,
 "DATASOURCE_ID" VARCHAR(64) NULL,
 "DATASET_ID" VARCHAR(64) NOT NULL,
 "DATASOURCE_TYPE" SMALLINT NOT NULL,
 "DATASOURCE_TYPE_VERSION" VARCHAR(64) NOT NULL,
 "NAME" VARCHAR(200) NOT NULL,
 "CAPTION" VARCHAR(2000) NOT NULL,
 "CODE" VARCHAR(200) NULL,
 "DESCRIPTION" VARCHAR(1000) NULL,
 "TYPE" SMALLINT NULL,
 "CATALOG_NAME" VARCHAR(64) NULL,
 "SCHEMA_NAME" VARCHAR(64) NOT NULL,
 "ROW_COUNT" BIGINT NULL,
 "COUNT_TIME" DATETIME(6) NULL,
 "DATA_UPDATE_TIME" DATETIME(6) NULL,
 "PRIMARY_KEYS" VARCHAR(1000) NULL,
 "PARAM" CLOB NULL,
 "QUERY_SQL" CLOB NULL,
 "NODE_ID" VARCHAR(64) NULL,
 "ORG_ID" VARCHAR(64) NULL,
 "DEGREE" INT NULL,
 "STATUS" INT NULL,
 "CREATOR" VARCHAR(64) NOT NULL,
 "CREATE_TIME" DATETIME(6) NOT NULL,
 "MODIFIER" VARCHAR(64) NULL,
 "MODIFY_TIME" DATETIME(6) NULL,
 "OWNER" VARCHAR(64) NULL,
 "OWN_TIME" DATETIME(6) NULL,
 "VERSION_MAJOR" INT NOT NULL,
 "VERSION_MINOR" INT NOT NULL,
 "RESERVED1" VARCHAR(128) NULL,
 "RESERVED2" VARCHAR(128) NULL,
 "SORT_NO" INT NULL
);

DROP TABLE "BIGDATA"."DATASOURCE_DATASOURCE";
CREATE TABLE "BIGDATA"."DATASOURCE_DATASOURCE"
(
 "OID" VARCHAR(64) NOT NULL,
 "NAME" VARCHAR(200) NOT NULL,
 "CAPTION" VARCHAR(2000) NOT NULL,
 "CODE" VARCHAR(200) NULL,
 "DESCRIPTION" VARCHAR(1000) NULL,
 "TYPE" SMALLINT NOT NULL,
 "TYPE_VERSION" VARCHAR(64) NULL,
 "PARAM" CLOB NOT NULL,
 "NODE_ID" VARCHAR(64) NULL,
 "ORG_ID" VARCHAR(64) NULL,
 "DEGREE" INT NULL,
 "STATUS" INT NOT NULL,
 "CREATOR" VARCHAR(64) NOT NULL,
 "CREATE_TIME" DATETIME(6) NOT NULL,
 "MODIFIER" VARCHAR(64) NULL,
 "MODIFY_TIME" DATETIME(6) NULL,
 "OWNER" VARCHAR(64) NULL,
 "OWN_TIME" DATETIME(6) NULL,
 "VERSION_MAJOR" INT NOT NULL,
 "VERSION_MINOR" INT NOT NULL,
 "RESERVED1" VARCHAR(128) NULL,
 "RESERVED2" VARCHAR(128) NULL,
 "SORT_NO" INT NULL
);

DROP TABLE "BIGDATA"."DATASOURCE_STATISTIC";
CREATE TABLE "BIGDATA"."DATASOURCE_STATISTIC"
(
 "STATISTIC_ID" VARCHAR(64) NOT NULL,
 "DATASOURCE_ID" VARCHAR(64) NULL,
 "TABLE_COUNT" BIGINT NULL,
 "VIEW_COUNT" BIGINT NULL,
 "RECORD_COUNT" BIGINT NULL,
 "CREATE_TIME" DATETIME(6) NULL,
  CLUSTER PRIMARY KEY("STATISTIC_ID") ENABLE 
);

INSERT INTO "BIGDATA"."ANALYSE_JOB"("OID","PID","NAME","TYPE","DESCRIPTION","DATASOURCE_ID","OUTPUT_SCHEMA","MXGRAPH","SORT","CREATED_USER","CREATED_TIME","UPDATED_USER","UPDATED_TIME") VALUES('20181113153716138','0','医保审计','FOLDER','',null,null,null,0,'superadmin','2018-11-13 15:37:16.143000','superadmin','2018-11-13 15:37:16.143000');
INSERT INTO "BIGDATA"."ANALYSE_JOB"("OID","PID","NAME","TYPE","DESCRIPTION","DATASOURCE_ID","OUTPUT_SCHEMA","MXGRAPH","SORT","CREATED_USER","CREATED_TIME","UPDATED_USER","UPDATED_TIME") VALUES('20181113153740899','20181113153716138','向死亡人员参保','JOB','向死亡人员参保','1542094599475','TEST','<mxGraphModel><root><Workflow label="MyWorkflow" description="" href="" id="0"><mxCell/></Workflow><Layer label="Default Layer" id="1"><mxCell parent="0"/></Layer><import label="民政殡葬数据" description="" href="" id="AFDC4C477D3B464983C0E2619AC55515"><mxCell parent="1" vertex="1"><mxGeometry x="50" y="160" width="100" height="50" as="geometry"/></mxCell></import><import label="参保死亡人员信息" description="" href="" id="5AC37B1FF0EE4A998D1238A7133BA616"><mxCell parent="1" vertex="1"><mxGeometry x="50" y="50" width="100" height="50" as="geometry"/></mxCell></import><hb label="合并死亡人员信息" description="" href="" id="A4E093D45C2844D285173E99A3507EF5"><mxCell parent="1" vertex="1"><mxGeometry x="230" y="100" width="100" height="50" as="geometry"/></mxCell></hb><Edge label="" description="" id="5"><mxCell style="straightEdge" parent="1" source="5AC37B1FF0EE4A998D1238A7133BA616" target="A4E093D45C2844D285173E99A3507EF5" edge="1"><mxGeometry relative="1" as="geometry"/></mxCell></Edge><Edge label="" description="" id="6"><mxCell style="straightEdge" parent="1" source="AFDC4C477D3B464983C0E2619AC55515" target="A4E093D45C2844D285173E99A3507EF5" edge="1"><mxGeometry relative="1" as="geometry"/></mxCell></Edge><qc label="去除多余的数据" description="" href="" id="4A1BE669F194490F8CB3E424A9C183A2"><mxCell parent="1" vertex="1"><mxGeometry x="460" y="100" width="100" height="50" as="geometry"/></mxCell></qc><Edge label="" description="" id="8"><mxCell style="straightEdge" parent="1" source="A4E093D45C2844D285173E99A3507EF5" target="4A1BE669F194490F8CB3E424A9C183A2" edge="1"><mxGeometry relative="1" as="geometry"/></mxCell></Edge><import label="个人应缴实缴明细" description="" href="" id="B387FDF75D1B4EB0A13DB0185F97EBA6"><mxCell parent="1" vertex="1"><mxGeometry x="30" y="300" width="100" height="50" as="geometry"/></mxCell></import><import label="参保个人基本信息" description="" href="" id="89E7B92271AF446990EF23A275E9381E"><mxCell parent="1" vertex="1"><mxGeometry x="210" y="412" width="100" height="50" as="geometry"/></mxCell></import><bd label="个人信息及缴费明细" description="" href="" id="A902748F5D70419BBF4EB7E67FBE4CB6"><mxCell parent="1" vertex="1"><mxGeometry x="210" y="300" width="110" height="50" as="geometry"/></mxCell></bd><Edge label="" description="" id="12"><mxCell style="straightEdge" parent="1" source="B387FDF75D1B4EB0A13DB0185F97EBA6" target="A902748F5D70419BBF4EB7E67FBE4CB6" edge="1"><mxGeometry relative="1" as="geometry"/></mxCell></Edge><Edge label="" description="" id="13"><mxCell style="straightEdge" parent="1" source="89E7B92271AF446990EF23A275E9381E" target="A902748F5D70419BBF4EB7E67FBE4CB6" edge="1"><mxGeometry relative="1" as="geometry"/></mxCell></Edge><import label="行政区划代码表" description="" href="" id="8E622038B6F343908A636F4B7BEFF08E"><mxCell parent="1" vertex="1"><mxGeometry x="210" y="180" width="100" height="50" as="geometry"/></mxCell></import><bd label="关联地区名称" description="" href="" id="EB684B1FA2194D608A983271101F786E"><mxCell parent="1" vertex="1"><mxGeometry x="380" y="240" width="100" height="50" as="geometry"/></mxCell></bd><Edge label="" description="" id="16"><mxCell style="straightEdge" parent="1" source="8E622038B6F343908A636F4B7BEFF08E" target="EB684B1FA2194D608A983271101F786E" edge="1"><mxGeometry relative="1" as="geometry"/></mxCell></Edge><Edge label="" description="" id="17"><mxCell style="straightEdge" parent="1" source="A902748F5D70419BBF4EB7E67FBE4CB6" target="EB684B1FA2194D608A983271101F786E" edge="1"><mxGeometry relative="1" as="geometry"/></mxCell></Edge><bd label="关联获取死亡参保" description="" href="" id="B0A27F48EF2E4D9182134669EBD90AF1"><mxCell parent="1" vertex="1"><mxGeometry x="540" y="240" width="100" height="50" as="geometry"/></mxCell></bd><Edge label="" description="" id="19"><mxCell style="straightEdge" parent="1" source="EB684B1FA2194D608A983271101F786E" target="B0A27F48EF2E4D9182134669EBD90AF1" edge="1"><mxGeometry relative="1" as="geometry"/></mxCell></Edge><Edge label="" description="" id="20"><mxCell style="straightEdge" parent="1" source="4A1BE669F194490F8CB3E424A9C183A2" target="B0A27F48EF2E4D9182134669EBD90AF1" edge="1"><mxGeometry relative="1" as="geometry"/></mxCell></Edge><qc label="去重死亡参保信息" description="" href="" id="E84CB4C801FD4CAA9FD39CE45BBDD4C8"><mxCell parent="1" vertex="1"><mxGeometry x="550" y="325" width="100" height="50" as="geometry"/></mxCell></qc><Edge label="" description="" id="22"><mxCell style="straightEdge" parent="1" source="B0A27F48EF2E4D9182134669EBD90AF1" target="E84CB4C801FD4CAA9FD39CE45BBDD4C8" edge="1"><mxGeometry relative="1" as="geometry"/></mxCell></Edge><export label="导出到结果集" description="" href="" id="11229F0FFC054E5D87D39AB552F2E299"><mxCell parent="1" vertex="1"><mxGeometry x="360" y="325" width="100" height="50" as="geometry"/></mxCell></export><Edge label="" description="" id="24"><mxCell parent="1" source="E84CB4C801FD4CAA9FD39CE45BBDD4C8" target="11229F0FFC054E5D87D39AB552F2E299" edge="1"><mxGeometry relative="1" as="geometry"/></mxCell></Edge><tb label="图表" description="" href="" id="26527FBA70404BC382E5AE15FA4191AC"><mxCell parent="1" vertex="1"><mxGeometry x="360" y="390" width="100" height="50" as="geometry"/></mxCell></tb><Edge label="" description="" id="26"><mxCell style="straightEdge" parent="1" source="E84CB4C801FD4CAA9FD39CE45BBDD4C8" target="26527FBA70404BC382E5AE15FA4191AC" edge="1"><mxGeometry relative="1" as="geometry"/></mxCell></Edge></root></mxGraphModel>',0,'superadmin','2018-11-13 15:37:40.901000','superadmin','2018-11-14 13:38:31.495000');
INSERT INTO "BIGDATA"."ANALYSE_JOB"("OID","PID","NAME","TYPE","DESCRIPTION","DATASOURCE_ID","OUTPUT_SCHEMA","MXGRAPH","SORT","CREATED_USER","CREATED_TIME","UPDATED_USER","UPDATED_TIME") VALUES('20181114101937475','20181113153716138','职工居民医保同时报销','JOB','职工居民医保同时报销','1542094599475','JGK','<mxGraphModel><root><Workflow label="MyWorkflow" description="" href="" id="0"><mxCell/></Workflow><Layer label="Default Layer" id="1"><mxCell parent="0"/></Layer><import label="医院住院结算单" description="" href="" id="C34F68AA89A749B9AAAE952AAE10BBD3"><mxCell parent="1" vertex="1"><mxGeometry x="100" y="90" width="100" height="50" as="geometry"/></mxCell></import><qxzh label="获取职工医保数据" description="" href="" id="C1F6BB33BDDC4B4F95DDAFB795FC8F81"><mxCell parent="1" vertex="1"><mxGeometry x="330" y="90" width="100" height="50" as="geometry"/></mxCell></qxzh><Edge label="" description="" id="4"><mxCell style="straightEdge" parent="1" source="C34F68AA89A749B9AAAE952AAE10BBD3" target="C1F6BB33BDDC4B4F95DDAFB795FC8F81" edge="1"><mxGeometry relative="1" as="geometry"/></mxCell></Edge><qxzh label="获取居民医保数据" description="" href="" id="6090791B667D482FBADF49D827F24174"><mxCell parent="1" vertex="1"><mxGeometry x="100" y="215" width="100" height="50" as="geometry"/></mxCell></qxzh><Edge label="" description="" id="7"><mxCell style="straightEdge" parent="1" source="C34F68AA89A749B9AAAE952AAE10BBD3" target="6090791B667D482FBADF49D827F24174" edge="1"><mxGeometry relative="1" as="geometry"/></mxCell></Edge><bd label="职工居民医保都报销数据" description="" href="" id="80D50D222B8F4716947A651599EF4013"><mxCell parent="1" vertex="1"><mxGeometry x="340" y="215" width="130" height="50" as="geometry"/></mxCell></bd><Edge label="" description="" id="9"><mxCell style="straightEdge" parent="1" source="C1F6BB33BDDC4B4F95DDAFB795FC8F81" target="80D50D222B8F4716947A651599EF4013" edge="1"><mxGeometry relative="1" as="geometry"/></mxCell></Edge><Edge label="" description="" id="10"><mxCell style="straightEdge" parent="1" source="6090791B667D482FBADF49D827F24174" target="80D50D222B8F4716947A651599EF4013" edge="1"><mxGeometry relative="1" as="geometry"/></mxCell></Edge><import label="行政区划代码表" description="" href="" id="DFE592C0C4A8490D8B7FB5F93F14AC3F"><mxCell parent="1" vertex="1"><mxGeometry x="560" y="215" width="100" height="50" as="geometry"/></mxCell></import><Edge label="" description="" id="12"><mxCell style="straightEdge" parent="1" edge="1"><mxGeometry relative="1" as="geometry"><mxPoint x="40" y="150" as="targetPoint"/></mxGeometry></mxCell></Edge><bd label="获取地区名称" description="" href="" id="11FB8060A52B43A2A218DFAAF2025ECB"><mxCell parent="1" vertex="1"><mxGeometry x="360" y="310" width="100" height="50" as="geometry"/></mxCell></bd><Edge label="" description="" id="14"><mxCell style="straightEdge" parent="1" source="80D50D222B8F4716947A651599EF4013" target="11FB8060A52B43A2A218DFAAF2025ECB" edge="1"><mxGeometry relative="1" as="geometry"/></mxCell></Edge><Edge label="" description="" id="15"><mxCell style="straightEdge" parent="1" source="DFE592C0C4A8490D8B7FB5F93F14AC3F" target="11FB8060A52B43A2A218DFAAF2025ECB" edge="1"><mxGeometry relative="1" as="geometry"/></mxCell></Edge><export label="导出到结果集" description="" href="" id="F3EDFFD5747A432D86AA88B19885D094"><mxCell parent="1" vertex="1"><mxGeometry x="110" y="310" width="100" height="50" as="geometry"/></mxCell></export><Edge label="" description="" id="17"><mxCell style="straightEdge" parent="1" source="11FB8060A52B43A2A218DFAAF2025ECB" target="F3EDFFD5747A432D86AA88B19885D094" edge="1"><mxGeometry relative="1" as="geometry"/></mxCell></Edge><tb label="图表" description="" href="" id="4F69390010394C98BAD4FF68FD7C3FB2"><mxCell vertex="1" parent="1"><mxGeometry x="220" y="380" width="100" height="50" as="geometry"/></mxCell></tb><Edge label="" description="" id="19"><mxCell style="straightEdge" edge="1" parent="1" source="11FB8060A52B43A2A218DFAAF2025ECB" target="4F69390010394C98BAD4FF68FD7C3FB2"><mxGeometry relative="1" as="geometry"/></mxCell></Edge></root></mxGraphModel>',1,'superadmin','2018-11-14 10:19:37.477000','superadmin','2018-11-14 13:37:27.923000');

INSERT INTO "BIGDATA"."ANALYSE_NODE"("OID","JOB_ID","TASK_ID","NAME","TYPE","DESCRIPTION","STATE","INPUTS","PARAM","CREATED_USER","CREATED_TIME","UPDATED_USER","UPDATED_TIME") VALUES('AFDC4C477D3B464983C0E2619AC55515','20181113153740899','756A389754244D29A12E88D19424DDE6','民政殡葬数据','IMPORT','','FINISHED','1542094610434','{"conditions":{"conditionGroup":[]}}','superadmin','2018-11-13 15:37:49.769000','superadmin','2018-11-13 15:40:16.696000');
INSERT INTO "BIGDATA"."ANALYSE_NODE"("OID","JOB_ID","TASK_ID","NAME","TYPE","DESCRIPTION","STATE","INPUTS","PARAM","CREATED_USER","CREATED_TIME","UPDATED_USER","UPDATED_TIME") VALUES('5AC37B1FF0EE4A998D1238A7133BA616','20181113153740899','67820ED5DFEF4F46AD71F8516C4525FE','参保死亡人员信息','IMPORT','','FINISHED','1542094610396','{"conditions":{"conditionGroup":[]}}','superadmin','2018-11-13 15:38:20.011000','superadmin','2018-11-13 15:41:41.385000');
INSERT INTO "BIGDATA"."ANALYSE_NODE"("OID","JOB_ID","TASK_ID","NAME","TYPE","DESCRIPTION","STATE","INPUTS","PARAM","CREATED_USER","CREATED_TIME","UPDATED_USER","UPDATED_TIME") VALUES('A4E093D45C2844D285173E99A3507EF5','20181113153740899','D22E03F3A58D44E6969E225F3F0B0C3A','合并死亡人员信息','HB','','FINISHED','AE2F1FEE0D6B49F2AE3120EB486D403B,79FCFE0E0DDD4A7595F830262D85AF1A',null,'superadmin','2018-11-13 15:40:44.752000','superadmin','2018-11-13 15:40:53.055000');
INSERT INTO "BIGDATA"."ANALYSE_NODE"("OID","JOB_ID","TASK_ID","NAME","TYPE","DESCRIPTION","STATE","INPUTS","PARAM","CREATED_USER","CREATED_TIME","UPDATED_USER","UPDATED_TIME") VALUES('4A1BE669F194490F8CB3E424A9C183A2','20181113153740899','1B3DAD9D089B4B1DBEA746B08ADF416B','去除多余的数据','QC','','FINISHED','6F89F6197EE94055B680A61CB5B40111','{"conditions":{"conditionGroup":[]}}','superadmin','2018-11-13 15:42:20.328000','superadmin','2018-11-13 15:45:49.670000');
INSERT INTO "BIGDATA"."ANALYSE_NODE"("OID","JOB_ID","TASK_ID","NAME","TYPE","DESCRIPTION","STATE","INPUTS","PARAM","CREATED_USER","CREATED_TIME","UPDATED_USER","UPDATED_TIME") VALUES('B387FDF75D1B4EB0A13DB0185F97EBA6','20181113153740899','1226B49FA3B548478CF349BF2207E04F','个人应缴实缴明细','IMPORT','','FINISHED','1542094610407','{"conditions":{"conditionGroup":[]}}','superadmin','2018-11-13 15:46:18.457000','superadmin','2018-11-13 15:47:03.244000');
INSERT INTO "BIGDATA"."ANALYSE_NODE"("OID","JOB_ID","TASK_ID","NAME","TYPE","DESCRIPTION","STATE","INPUTS","PARAM","CREATED_USER","CREATED_TIME","UPDATED_USER","UPDATED_TIME") VALUES('89E7B92271AF446990EF23A275E9381E','20181113153740899','042DFD1E50DD45FEB0535FAE1A11EAC5','参保个人基本信息','IMPORT','','FINISHED','1542094610375','{"conditions":{"conditionGroup":[]}}','superadmin','2018-11-13 15:47:40.887000','superadmin','2018-11-13 15:48:00.450000');
INSERT INTO "BIGDATA"."ANALYSE_NODE"("OID","JOB_ID","TASK_ID","NAME","TYPE","DESCRIPTION","STATE","INPUTS","PARAM","CREATED_USER","CREATED_TIME","UPDATED_USER","UPDATED_TIME") VALUES('A902748F5D70419BBF4EB7E67FBE4CB6','20181113153740899','2A2352A71B0C4F479DC51FC3618CD6CF','个人信息及缴费明细','BD','','FINISHED','70C6BC3C4D2C4A029DD46C26931BF1BD,F215644B0E69419F9F62336CCCE549CD','{"conditions":{"conditionGroup":[{"conditionCol":"IN1.SSDQDM","colType":"STRING","operator":"EQ","inputType":"COL","conditionInput":"IN2.SSDQDM","conjunction":"AND"},{"conditionCol":"IN1.CBDWBH","colType":"STRING","operator":"EQ","inputType":"COL","conditionInput":"IN2.CBDWBH","conjunction":"AND"},{"conditionCol":"IN1.CBGRBH","colType":"STRING","operator":"EQ","inputType":"COL","conditionInput":"IN2.CBGRBH","conjunction":"AND"}]},"joinType":"INNER"}','superadmin','2018-11-13 15:48:08.441000','superadmin','2018-11-13 15:49:28.876000');
INSERT INTO "BIGDATA"."ANALYSE_NODE"("OID","JOB_ID","TASK_ID","NAME","TYPE","DESCRIPTION","STATE","INPUTS","PARAM","CREATED_USER","CREATED_TIME","UPDATED_USER","UPDATED_TIME") VALUES('8E622038B6F343908A636F4B7BEFF08E','20181113153740899','58282992E0E94E65950BD3E29CA20D4B','行政区划代码表','IMPORT','','FINISHED','1542094610444','{"conditions":{"conditionGroup":[]}}','superadmin','2018-11-13 15:50:27.930000','superadmin','2018-11-13 15:50:39.114000');
INSERT INTO "BIGDATA"."ANALYSE_NODE"("OID","JOB_ID","TASK_ID","NAME","TYPE","DESCRIPTION","STATE","INPUTS","PARAM","CREATED_USER","CREATED_TIME","UPDATED_USER","UPDATED_TIME") VALUES('EB684B1FA2194D608A983271101F786E','20181113153740899','33FBE792062B4478A95D75CC8DD570A3','关联地区名称','BD','','FINISHED','87BA74E867014E33A2A459F518B61ADC,30A44FB64CFB480E9F16E6535A8ED4E4','{"conditions":{"conditionGroup":[{"conditionCol":"IN1.SSDQDM","colType":"STRING","operator":"EQ","inputType":"COL","conditionInput":"IN2.SSDQDM","conjunction":"AND"}]},"joinType":"INNER"}','superadmin','2018-11-13 15:50:44.612000','superadmin','2018-11-13 15:51:13.819000');
INSERT INTO "BIGDATA"."ANALYSE_NODE"("OID","JOB_ID","TASK_ID","NAME","TYPE","DESCRIPTION","STATE","INPUTS","PARAM","CREATED_USER","CREATED_TIME","UPDATED_USER","UPDATED_TIME") VALUES('B0A27F48EF2E4D9182134669EBD90AF1','20181113153740899','ADA2AC2AC6E540F5B39B24A1AD7CFB9A','关联获取死亡参保','BD','','FINISHED','213919E013274CB3ACC7E241DF68FE9B,315CD486654147EA98CD570822F205B6','{"conditions":{"conditionGroup":[{"conditionCol":"IN1.SFZH","colType":"STRING","operator":"EQ","inputType":"COL","conditionInput":"IN2.GMSFHM","conjunction":"AND"},{"conditionCol":"IN1.FKSSQ","colType":"DATETIME","operator":"GT","inputType":"COL","conditionInput":"IN2.DYZZSJSWRQ","conjunction":"AND"}]},"joinType":"INNER"}','superadmin','2018-11-13 15:51:55.377000','superadmin','2018-11-13 15:53:13.652000');
INSERT INTO "BIGDATA"."ANALYSE_NODE"("OID","JOB_ID","TASK_ID","NAME","TYPE","DESCRIPTION","STATE","INPUTS","PARAM","CREATED_USER","CREATED_TIME","UPDATED_USER","UPDATED_TIME") VALUES('E84CB4C801FD4CAA9FD39CE45BBDD4C8','20181113153740899','4551B113B47C4F7D90C6AEA47479C54B','去重死亡参保信息','QC','','FINISHED','D09AFC9B9C5748F19067E30CBC17356C','{"conditions":{"conditionGroup":[]}}','superadmin','2018-11-13 15:53:56.208000','superadmin','2018-11-13 15:55:53.628000');
INSERT INTO "BIGDATA"."ANALYSE_NODE"("OID","JOB_ID","TASK_ID","NAME","TYPE","DESCRIPTION","STATE","INPUTS","PARAM","CREATED_USER","CREATED_TIME","UPDATED_USER","UPDATED_TIME") VALUES('11229F0FFC054E5D87D39AB552F2E299','20181113153740899','6C9AD8D76987481DBFCE52BDD6A4FB21','导出到结果集','EXPORT','','FINISHED','73F1B7A4369A46869E0ED08ED62365CC','{"dataSourceId":"1542094599475","schema":"TEST","tableName":"SWCBSJ2","caption":"死亡参保数据结果","clearData":"1","dataSetId":"1542095794485","createDataSet":"0"}','superadmin','2018-11-13 15:54:24.477000','superadmin','2018-11-13 15:56:30.705000');
INSERT INTO "BIGDATA"."ANALYSE_NODE"("OID","JOB_ID","TASK_ID","NAME","TYPE","DESCRIPTION","STATE","INPUTS","PARAM","CREATED_USER","CREATED_TIME","UPDATED_USER","UPDATED_TIME") VALUES('C34F68AA89A749B9AAAE952AAE10BBD3','20181114101937475','ECC5D507A3FD4D29B27990AD5AF0F58A','医院住院结算单','IMPORT','','FINISHED','1542161998902','{"conditions":{"conditionGroup":[]}}','superadmin','2018-11-14 10:20:10.236000','superadmin','2018-11-14 10:20:58.169000');
INSERT INTO "BIGDATA"."ANALYSE_NODE"("OID","JOB_ID","TASK_ID","NAME","TYPE","DESCRIPTION","STATE","INPUTS","PARAM","CREATED_USER","CREATED_TIME","UPDATED_USER","UPDATED_TIME") VALUES('C1F6BB33BDDC4B4F95DDAFB795FC8F81','20181114101937475','06A4763D410445F2A92B266802B4994C','获取职工医保数据','QXZH','','FINISHED','016580F651F2422B95165A81E86BFB46','{"conditions":{"conditionGroup":[{"conditionCol":"XZM","colType":"STRING","operator":"EQ","inputType":"VALUE","conditionInput":"6","conjunction":"AND"}]}}','superadmin','2018-11-14 10:21:05.707000','superadmin','2018-11-14 10:21:25.104000');
INSERT INTO "BIGDATA"."ANALYSE_NODE"("OID","JOB_ID","TASK_ID","NAME","TYPE","DESCRIPTION","STATE","INPUTS","PARAM","CREATED_USER","CREATED_TIME","UPDATED_USER","UPDATED_TIME") VALUES('6090791B667D482FBADF49D827F24174','20181114101937475','038ECD4B0C5949CAAFAAD981C587A7F6','获取居民医保数据','QXZH','','FINISHED','016580F651F2422B95165A81E86BFB46','{"conditions":{"conditionGroup":[{"conditionCol":"XZM","colType":"STRING","operator":"EQ","inputType":"VALUE","conditionInput":"J","conjunction":"AND"}]}}','superadmin','2018-11-14 10:26:22.532000','superadmin','2018-11-14 10:26:41.728000');
INSERT INTO "BIGDATA"."ANALYSE_NODE"("OID","JOB_ID","TASK_ID","NAME","TYPE","DESCRIPTION","STATE","INPUTS","PARAM","CREATED_USER","CREATED_TIME","UPDATED_USER","UPDATED_TIME") VALUES('80D50D222B8F4716947A651599EF4013','20181114101937475','9EA1DA90DA684D7E98CCA6126002A2B7','职工居民医保都报销数据','BD','','FINISHED','1C17F5150767447CAC136DCB04941B63,FC6A4EB7272743578104453E219788E0','{"conditions":{"conditionGroup":[{"conditionCol":"IN1.SFZH","colType":"STRING","operator":"EQ","inputType":"COL","conditionInput":"IN2.SFZH","conjunction":"AND"},{"conditionCol":"IN1.RYSJ","colType":"DATETIME","operator":"EQ","inputType":"COL","conditionInput":"IN2.RYSJ","conjunction":"AND"},{"conditionCol":"IN1.TCFWFY","colType":"DECIMAL","operator":"EQ","inputType":"COL","conditionInput":"IN2.TCFWFY","conjunction":"AND"}]},"joinType":"INNER"}','superadmin','2018-11-14 10:27:07.558000','superadmin','2018-11-14 10:28:13.231000');
INSERT INTO "BIGDATA"."ANALYSE_NODE"("OID","JOB_ID","TASK_ID","NAME","TYPE","DESCRIPTION","STATE","INPUTS","PARAM","CREATED_USER","CREATED_TIME","UPDATED_USER","UPDATED_TIME") VALUES('DFE592C0C4A8490D8B7FB5F93F14AC3F','20181114101937475','C08B1DA6FF504A779E54C1209D183E25','行政区划代码表','IMPORT','','FINISHED','1542094610444','{"conditions":{"conditionGroup":[]}}','superadmin','2018-11-14 10:28:28.972000','superadmin','2018-11-14 10:28:53.078000');
INSERT INTO "BIGDATA"."ANALYSE_NODE"("OID","JOB_ID","TASK_ID","NAME","TYPE","DESCRIPTION","STATE","INPUTS","PARAM","CREATED_USER","CREATED_TIME","UPDATED_USER","UPDATED_TIME") VALUES('11FB8060A52B43A2A218DFAAF2025ECB','20181114101937475','9147157D28C941F99B9A6C71B957A1F5','获取地区名称','BD','','FINISHED','E8D001B42EAA4F878F158E1EAB0D3B82,D1C71C7F93C6466E81A5BC7E67052B25','{"conditions":{"conditionGroup":[{"conditionCol":"IN1.SSDQDM","colType":"STRING","operator":"EQ","inputType":"COL","conditionInput":"IN2.SSDQDM","conjunction":"AND"}]},"joinType":"INNER"}','superadmin','2018-11-14 10:30:00.137000','superadmin','2018-11-14 10:32:03.211000');
INSERT INTO "BIGDATA"."ANALYSE_NODE"("OID","JOB_ID","TASK_ID","NAME","TYPE","DESCRIPTION","STATE","INPUTS","PARAM","CREATED_USER","CREATED_TIME","UPDATED_USER","UPDATED_TIME") VALUES('F3EDFFD5747A432D86AA88B19885D094','20181114101937475','16665429430444089AEA3C3F0D689B8D','导出到结果集','EXPORT','','FINISHED','9E87EF1DBFE7490EADFE25DD7D9E856D','{"dataSourceId":"1542094599475","schema":"JGK","tableName":"ZGJMYBSJ2","caption":"职工居民医保数据","clearData":"1","dataSetId":"1542162746285","createDataSet":"0"}','superadmin','2018-11-14 10:30:37.643000','superadmin','2018-11-14 10:32:23.267000');
INSERT INTO "BIGDATA"."ANALYSE_NODE"("OID","JOB_ID","TASK_ID","NAME","TYPE","DESCRIPTION","STATE","INPUTS","PARAM","CREATED_USER","CREATED_TIME","UPDATED_USER","UPDATED_TIME") VALUES('26527FBA70404BC382E5AE15FA4191AC','20181113153740899','1BF66D7BDF144983B50254B5CDE54C9F','图表','TB','','FINISHED','73F1B7A4369A46869E0ED08ED62365CC','{"chartType":"pieChart","conditions":{"conditionGroup":[]},"outputCols":[{"name":"SSDQMC_GROUP","group_type":"GROUP","type":"STRING","value":"SSDQMC","description":"","axis":"X","caption":"所属地区名称"},{"name":"SFZH_COUNT","group_type":"COUNT","type":"INTEGER","value":"SFZH","description":"","axis":"","caption":"人数"}]}','superadmin','2018-11-14 13:33:28.694000','superadmin','2018-11-14 13:37:51.896000');
INSERT INTO "BIGDATA"."ANALYSE_NODE"("OID","JOB_ID","TASK_ID","NAME","TYPE","DESCRIPTION","STATE","INPUTS","PARAM","CREATED_USER","CREATED_TIME","UPDATED_USER","UPDATED_TIME") VALUES('4F69390010394C98BAD4FF68FD7C3FB2','20181114101937475','EAD074FB54D34D2B9C8D9B520C7AEFC4','图表','TB','','FINISHED','9E87EF1DBFE7490EADFE25DD7D9E856D','{"chartType":"pieChart","conditions":{"conditionGroup":[]},"outputCols":[{"name":"SSDQMC_GROUP","group_type":"GROUP","type":"STRING","value":"SSDQMC","description":"","axis":"X","caption":"所属地区名称"},{"name":"SFZH_COUNT","group_type":"COUNT","type":"INTEGER","value":"SFZH","description":"","axis":"","caption":"人数"}]}','superadmin','2018-11-14 13:35:56.319000','superadmin','2018-11-14 13:37:06.860000');

INSERT INTO "BIGDATA"."ANALYSE_NODE_OUTPUT"("OID","NODE_ID","TYPE","DESCRIPTION","OUTPUT") VALUES('016580F651F2422B95165A81E86BFB46','C34F68AA89A749B9AAAE952AAE10BBD3','VIEW',null,'VIEW_20181204163849007');
INSERT INTO "BIGDATA"."ANALYSE_NODE_OUTPUT"("OID","NODE_ID","TYPE","DESCRIPTION","OUTPUT") VALUES('0CD1ACD5194F41B19E3EDD5B365311FC','F3EDFFD5747A432D86AA88B19885D094','DATASET',null,'1542162746285');
INSERT INTO "BIGDATA"."ANALYSE_NODE_OUTPUT"("OID","NODE_ID","TYPE","DESCRIPTION","OUTPUT") VALUES('1C17F5150767447CAC136DCB04941B63','C1F6BB33BDDC4B4F95DDAFB795FC8F81','TABLE',null,'TABLE_20181204163849054');
INSERT INTO "BIGDATA"."ANALYSE_NODE_OUTPUT"("OID","NODE_ID","TYPE","DESCRIPTION","OUTPUT") VALUES('213919E013274CB3ACC7E241DF68FE9B','EB684B1FA2194D608A983271101F786E','TABLE',null,'TABLE_20181205104016529');
INSERT INTO "BIGDATA"."ANALYSE_NODE_OUTPUT"("OID","NODE_ID","TYPE","DESCRIPTION","OUTPUT") VALUES('30A44FB64CFB480E9F16E6535A8ED4E4','A902748F5D70419BBF4EB7E67FBE4CB6','TABLE',null,'TABLE_20181205104016500');
INSERT INTO "BIGDATA"."ANALYSE_NODE_OUTPUT"("OID","NODE_ID","TYPE","DESCRIPTION","OUTPUT") VALUES('315CD486654147EA98CD570822F205B6','4A1BE669F194490F8CB3E424A9C183A2','TABLE',null,'TABLE_20181205104016506');
INSERT INTO "BIGDATA"."ANALYSE_NODE_OUTPUT"("OID","NODE_ID","TYPE","DESCRIPTION","OUTPUT") VALUES('35C2553D91664B248C4E7A36D5158769','11229F0FFC054E5D87D39AB552F2E299','DATASET',null,'1542095794485');
INSERT INTO "BIGDATA"."ANALYSE_NODE_OUTPUT"("OID","NODE_ID","TYPE","DESCRIPTION","OUTPUT") VALUES('6F89F6197EE94055B680A61CB5B40111','A4E093D45C2844D285173E99A3507EF5','TABLE',null,'TABLE_20181205104016476');
INSERT INTO "BIGDATA"."ANALYSE_NODE_OUTPUT"("OID","NODE_ID","TYPE","DESCRIPTION","OUTPUT") VALUES('70C6BC3C4D2C4A029DD46C26931BF1BD','B387FDF75D1B4EB0A13DB0185F97EBA6','VIEW',null,'VIEW_20181205104016414');
INSERT INTO "BIGDATA"."ANALYSE_NODE_OUTPUT"("OID","NODE_ID","TYPE","DESCRIPTION","OUTPUT") VALUES('73F1B7A4369A46869E0ED08ED62365CC','E84CB4C801FD4CAA9FD39CE45BBDD4C8','TABLE',null,'TABLE_20181205104016602');
INSERT INTO "BIGDATA"."ANALYSE_NODE_OUTPUT"("OID","NODE_ID","TYPE","DESCRIPTION","OUTPUT") VALUES('79FCFE0E0DDD4A7595F830262D85AF1A','AFDC4C477D3B464983C0E2619AC55515','VIEW',null,'VIEW_20181205104016389');
INSERT INTO "BIGDATA"."ANALYSE_NODE_OUTPUT"("OID","NODE_ID","TYPE","DESCRIPTION","OUTPUT") VALUES('87BA74E867014E33A2A459F518B61ADC','8E622038B6F343908A636F4B7BEFF08E','VIEW',null,'VIEW_20181205104016419');
INSERT INTO "BIGDATA"."ANALYSE_NODE_OUTPUT"("OID","NODE_ID","TYPE","DESCRIPTION","OUTPUT") VALUES('9E87EF1DBFE7490EADFE25DD7D9E856D','11FB8060A52B43A2A218DFAAF2025ECB','TABLE',null,'TABLE_20181204163849192');
INSERT INTO "BIGDATA"."ANALYSE_NODE_OUTPUT"("OID","NODE_ID","TYPE","DESCRIPTION","OUTPUT") VALUES('AE2F1FEE0D6B49F2AE3120EB486D403B','5AC37B1FF0EE4A998D1238A7133BA616','VIEW',null,'VIEW_20181205104016433');
INSERT INTO "BIGDATA"."ANALYSE_NODE_OUTPUT"("OID","NODE_ID","TYPE","DESCRIPTION","OUTPUT") VALUES('D09AFC9B9C5748F19067E30CBC17356C','B0A27F48EF2E4D9182134669EBD90AF1','TABLE',null,'TABLE_20181205104016572');
INSERT INTO "BIGDATA"."ANALYSE_NODE_OUTPUT"("OID","NODE_ID","TYPE","DESCRIPTION","OUTPUT") VALUES('D1C71C7F93C6466E81A5BC7E67052B25','DFE592C0C4A8490D8B7FB5F93F14AC3F','VIEW',null,'VIEW_20181204163849006');
INSERT INTO "BIGDATA"."ANALYSE_NODE_OUTPUT"("OID","NODE_ID","TYPE","DESCRIPTION","OUTPUT") VALUES('DFF561C11CB14870A3A8641F35A00BBA','26527FBA70404BC382E5AE15FA4191AC','TABLE',null,'TABLE_20181205104016634');
INSERT INTO "BIGDATA"."ANALYSE_NODE_OUTPUT"("OID","NODE_ID","TYPE","DESCRIPTION","OUTPUT") VALUES('E12E058950554581895EDA8006D48370','4F69390010394C98BAD4FF68FD7C3FB2','TABLE',null,'TABLE_20181204163849226');
INSERT INTO "BIGDATA"."ANALYSE_NODE_OUTPUT"("OID","NODE_ID","TYPE","DESCRIPTION","OUTPUT") VALUES('E8D001B42EAA4F878F158E1EAB0D3B82','80D50D222B8F4716947A651599EF4013','TABLE',null,'TABLE_20181204163849140');
INSERT INTO "BIGDATA"."ANALYSE_NODE_OUTPUT"("OID","NODE_ID","TYPE","DESCRIPTION","OUTPUT") VALUES('F215644B0E69419F9F62336CCCE549CD','89E7B92271AF446990EF23A275E9381E','VIEW',null,'VIEW_20181205104016399');
INSERT INTO "BIGDATA"."ANALYSE_NODE_OUTPUT"("OID","NODE_ID","TYPE","DESCRIPTION","OUTPUT") VALUES('FC6A4EB7272743578104453E219788E0','6090791B667D482FBADF49D827F24174','TABLE',null,'TABLE_20181204163849053');

INSERT INTO "BIGDATA"."ANALYSE_NODE_OUTPUT_COL"("OID","OUTPUT_ID","NAME","VALUE","TYPE","OUTPUT_TYPE","AXIS","GROUP_TYPE","CAPTION","DESCRIPTION","SORT") VALUES('00D66F66DE7A4FC78EEE7B7063C5F5DC','016580F651F2422B95165A81E86BFB46','CYSJ','CYSJ','DATETIME','COL',null,null,'出院时间','',3);
INSERT INTO "BIGDATA"."ANALYSE_NODE_OUTPUT_COL"("OID","OUTPUT_ID","NAME","VALUE","TYPE","OUTPUT_TYPE","AXIS","GROUP_TYPE","CAPTION","DESCRIPTION","SORT") VALUES('01D5846C23E5478D8E6F13DE92A8E4D7','FC6A4EB7272743578104453E219788E0','XB','XB','STRING','COL',null,null,'性别','',7);
INSERT INTO "BIGDATA"."ANALYSE_NODE_OUTPUT_COL"("OID","OUTPUT_ID","NAME","VALUE","TYPE","OUTPUT_TYPE","AXIS","GROUP_TYPE","CAPTION","DESCRIPTION","SORT") VALUES('029F22AD57A74BC89E26E5F7E66C0BCC','70C6BC3C4D2C4A029DD46C26931BF1BD','CBDWBH','CBDWBH','STRING','COL',null,null,'参保单位编号','',2);
INSERT INTO "BIGDATA"."ANALYSE_NODE_OUTPUT_COL"("OID","OUTPUT_ID","NAME","VALUE","TYPE","OUTPUT_TYPE","AXIS","GROUP_TYPE","CAPTION","DESCRIPTION","SORT") VALUES('063302F08A08453FAEE9A1E3EC454777','0CD1ACD5194F41B19E3EDD5B365311FC','XM','XM','STRING','COL',null,null,'姓名','',4);
INSERT INTO "BIGDATA"."ANALYSE_NODE_OUTPUT_COL"("OID","OUTPUT_ID","NAME","VALUE","TYPE","OUTPUT_TYPE","AXIS","GROUP_TYPE","CAPTION","DESCRIPTION","SORT") VALUES('06E39357A5964F2895109C00AE88DC32','FC6A4EB7272743578104453E219788E0','CYSJ','CYSJ','DATETIME','COL',null,null,'出院时间','',3);
INSERT INTO "BIGDATA"."ANALYSE_NODE_OUTPUT_COL"("OID","OUTPUT_ID","NAME","VALUE","TYPE","OUTPUT_TYPE","AXIS","GROUP_TYPE","CAPTION","DESCRIPTION","SORT") VALUES('08999066064E467B8ADAA43660C2E232','016580F651F2422B95165A81E86BFB46','SSDQDM','SSDQDM','STRING','COL',null,null,'所属地区代码','',1);
INSERT INTO "BIGDATA"."ANALYSE_NODE_OUTPUT_COL"("OID","OUTPUT_ID","NAME","VALUE","TYPE","OUTPUT_TYPE","AXIS","GROUP_TYPE","CAPTION","DESCRIPTION","SORT") VALUES('089CFA79A04940D9BFAB2E8D1EEB69DD','0CD1ACD5194F41B19E3EDD5B365311FC','RYSJ','RYSJ','DATETIME','COL',null,null,'入院时间','',2);
INSERT INTO "BIGDATA"."ANALYSE_NODE_OUTPUT_COL"("OID","OUTPUT_ID","NAME","VALUE","TYPE","OUTPUT_TYPE","AXIS","GROUP_TYPE","CAPTION","DESCRIPTION","SORT") VALUES('0B27045736A14B3EA180E537D7F31D03','70C6BC3C4D2C4A029DD46C26931BF1BD','YLBXGRJFJS','YLBXGRJFJS','DECIMAL','COL',null,null,'医疗保险个人缴费基数','',12);
INSERT INTO "BIGDATA"."ANALYSE_NODE_OUTPUT_COL"("OID","OUTPUT_ID","NAME","VALUE","TYPE","OUTPUT_TYPE","AXIS","GROUP_TYPE","CAPTION","DESCRIPTION","SORT") VALUES('0CDD3DCA0363464BA1243633B5C1B931','70C6BC3C4D2C4A029DD46C26931BF1BD','DWJFHRZHJE','DWJFHRZHJE','DECIMAL','COL',null,null,'单位缴费划入账户金额','',10);
INSERT INTO "BIGDATA"."ANALYSE_NODE_OUTPUT_COL"("OID","OUTPUT_ID","NAME","VALUE","TYPE","OUTPUT_TYPE","AXIS","GROUP_TYPE","CAPTION","DESCRIPTION","SORT") VALUES('0DF8A5F3F3214B89AB660A505BEDB76E','35C2553D91664B248C4E7A36D5158769','SFZH','SFZH','STRING','COL',null,null,'身份证号','',6);
INSERT INTO "BIGDATA"."ANALYSE_NODE_OUTPUT_COL"("OID","OUTPUT_ID","NAME","VALUE","TYPE","OUTPUT_TYPE","AXIS","GROUP_TYPE","CAPTION","DESCRIPTION","SORT") VALUES('0FCDEA48F40A429EB0E20290155088F8','016580F651F2422B95165A81E86BFB46','TCFWFY','TCFWFY','DECIMAL','COL',null,null,'统筹范围费用','',6);
INSERT INTO "BIGDATA"."ANALYSE_NODE_OUTPUT_COL"("OID","OUTPUT_ID","NAME","VALUE","TYPE","OUTPUT_TYPE","AXIS","GROUP_TYPE","CAPTION","DESCRIPTION","SORT") VALUES('10196D201CE9426A88D9CB15B662C308','213919E013274CB3ACC7E241DF68FE9B','CBGRBH','IN2.CBGRBH','STRING','COL',null,null,'参保个人编号','',3);
INSERT INTO "BIGDATA"."ANALYSE_NODE_OUTPUT_COL"("OID","OUTPUT_ID","NAME","VALUE","TYPE","OUTPUT_TYPE","AXIS","GROUP_TYPE","CAPTION","DESCRIPTION","SORT") VALUES('1105EF310B214440AB5A843ABEF3987B','79FCFE0E0DDD4A7595F830262D85AF1A','SSDQMC','SSDQMC','STRING','COL',null,null,'所属地区名称','',2);
INSERT INTO "BIGDATA"."ANALYSE_NODE_OUTPUT_COL"("OID","OUTPUT_ID","NAME","VALUE","TYPE","OUTPUT_TYPE","AXIS","GROUP_TYPE","CAPTION","DESCRIPTION","SORT") VALUES('18891FC1ECF54040A87313B8F7486371','016580F651F2422B95165A81E86BFB46','XZM','XZM','STRING','COL',null,null,'险种码','',9);
INSERT INTO "BIGDATA"."ANALYSE_NODE_OUTPUT_COL"("OID","OUTPUT_ID","NAME","VALUE","TYPE","OUTPUT_TYPE","AXIS","GROUP_TYPE","CAPTION","DESCRIPTION","SORT") VALUES('1AD16EE6CE60444389F85A84456AC16C','213919E013274CB3ACC7E241DF68FE9B','SSDQDM','IN1.SSDQDM','STRING','COL',null,null,'所属地区代码','',8);
INSERT INTO "BIGDATA"."ANALYSE_NODE_OUTPUT_COL"("OID","OUTPUT_ID","NAME","VALUE","TYPE","OUTPUT_TYPE","AXIS","GROUP_TYPE","CAPTION","DESCRIPTION","SORT") VALUES('1C0BECA860CC43FEAD7FF0C895D54679','35C2553D91664B248C4E7A36D5158769','CBGRBH','CBGRBH','STRING','COL',null,null,'参保个人编号','',3);
INSERT INTO "BIGDATA"."ANALYSE_NODE_OUTPUT_COL"("OID","OUTPUT_ID","NAME","VALUE","TYPE","OUTPUT_TYPE","AXIS","GROUP_TYPE","CAPTION","DESCRIPTION","SORT") VALUES('1E2D276B8883466482CFA25B1392F71F','0CD1ACD5194F41B19E3EDD5B365311FC','CYSJ','CYSJ','DATETIME','COL',null,null,'出院时间','',3);
INSERT INTO "BIGDATA"."ANALYSE_NODE_OUTPUT_COL"("OID","OUTPUT_ID","NAME","VALUE","TYPE","OUTPUT_TYPE","AXIS","GROUP_TYPE","CAPTION","DESCRIPTION","SORT") VALUES('1EE50D9D020E482889F9DB465A184356','9E87EF1DBFE7490EADFE25DD7D9E856D','XM','IN1.XM','STRING','COL',null,null,'姓名','',4);
INSERT INTO "BIGDATA"."ANALYSE_NODE_OUTPUT_COL"("OID","OUTPUT_ID","NAME","VALUE","TYPE","OUTPUT_TYPE","AXIS","GROUP_TYPE","CAPTION","DESCRIPTION","SORT") VALUES('2088A8DC1E364495A977D2A500BBAEB6','016580F651F2422B95165A81E86BFB46','SFZH','SFZH','STRING','COL',null,null,'身份证号','',5);
INSERT INTO "BIGDATA"."ANALYSE_NODE_OUTPUT_COL"("OID","OUTPUT_ID","NAME","VALUE","TYPE","OUTPUT_TYPE","AXIS","GROUP_TYPE","CAPTION","DESCRIPTION","SORT") VALUES('20E04861EBF841DAAEAF39C6FF60220F','0CD1ACD5194F41B19E3EDD5B365311FC','SFZH','SFZH','STRING','COL',null,null,'身份证号','',5);
INSERT INTO "BIGDATA"."ANALYSE_NODE_OUTPUT_COL"("OID","OUTPUT_ID","NAME","VALUE","TYPE","OUTPUT_TYPE","AXIS","GROUP_TYPE","CAPTION","DESCRIPTION","SORT") VALUES('21A3F877A5E94336AD4D4F6F6D5F2E0B','213919E013274CB3ACC7E241DF68FE9B','XB','IN2.XB','STRING','COL',null,null,'性别','',5);
INSERT INTO "BIGDATA"."ANALYSE_NODE_OUTPUT_COL"("OID","OUTPUT_ID","NAME","VALUE","TYPE","OUTPUT_TYPE","AXIS","GROUP_TYPE","CAPTION","DESCRIPTION","SORT") VALUES('24C084A624B64EAD8C7657DB07CEFE34','AE2F1FEE0D6B49F2AE3120EB486D403B','XB','XB','STRING','COL',null,null,'性别','',4);
INSERT INTO "BIGDATA"."ANALYSE_NODE_OUTPUT_COL"("OID","OUTPUT_ID","NAME","VALUE","TYPE","OUTPUT_TYPE","AXIS","GROUP_TYPE","CAPTION","DESCRIPTION","SORT") VALUES('24F8674828B44FA2A7678950AFE74E27','1C17F5150767447CAC136DCB04941B63','XB','XB','STRING','COL',null,null,'性别','',7);
INSERT INTO "BIGDATA"."ANALYSE_NODE_OUTPUT_COL"("OID","OUTPUT_ID","NAME","VALUE","TYPE","OUTPUT_TYPE","AXIS","GROUP_TYPE","CAPTION","DESCRIPTION","SORT") VALUES('25A01FC5E99446AE99DE8A16B321A534','E8D001B42EAA4F878F158E1EAB0D3B82','XZM','IN1.XZM','STRING','COL',null,null,'险种码','',9);
INSERT INTO "BIGDATA"."ANALYSE_NODE_OUTPUT_COL"("OID","OUTPUT_ID","NAME","VALUE","TYPE","OUTPUT_TYPE","AXIS","GROUP_TYPE","CAPTION","DESCRIPTION","SORT") VALUES('25E7F8799987417F8D31353F139A8781','F215644B0E69419F9F62336CCCE549CD','CBGRBH','CBGRBH','STRING','COL',null,null,'参保个人编号','',3);
INSERT INTO "BIGDATA"."ANALYSE_NODE_OUTPUT_COL"("OID","OUTPUT_ID","NAME","VALUE","TYPE","OUTPUT_TYPE","AXIS","GROUP_TYPE","CAPTION","DESCRIPTION","SORT") VALUES('2BA5A46FE9414A9BA292CBB96712A0DD','6F89F6197EE94055B680A61CB5B40111','XM','XM','STRING','COL',null,null,'姓名','',3);
INSERT INTO "BIGDATA"."ANALYSE_NODE_OUTPUT_COL"("OID","OUTPUT_ID","NAME","VALUE","TYPE","OUTPUT_TYPE","AXIS","GROUP_TYPE","CAPTION","DESCRIPTION","SORT") VALUES('2BF7A6CEACAB4A58B3D7ABE45C2D945B','6F89F6197EE94055B680A61CB5B40111','SSDQDM','SSDQDM','STRING','COL',null,null,'所属地区代码','',1);
INSERT INTO "BIGDATA"."ANALYSE_NODE_OUTPUT_COL"("OID","OUTPUT_ID","NAME","VALUE","TYPE","OUTPUT_TYPE","AXIS","GROUP_TYPE","CAPTION","DESCRIPTION","SORT") VALUES('2CC0A135B8B746248A357D17D80AE077','F215644B0E69419F9F62336CCCE549CD','XM','XM','STRING','COL',null,null,'姓名','',6);
INSERT INTO "BIGDATA"."ANALYSE_NODE_OUTPUT_COL"("OID","OUTPUT_ID","NAME","VALUE","TYPE","OUTPUT_TYPE","AXIS","GROUP_TYPE","CAPTION","DESCRIPTION","SORT") VALUES('2CDDB8D053C84D8D80DDAD97431DDF32','AE2F1FEE0D6B49F2AE3120EB486D403B','GMSFHM','GMSFHM','STRING','COL',null,null,'公民身份号码','',5);
INSERT INTO "BIGDATA"."ANALYSE_NODE_OUTPUT_COL"("OID","OUTPUT_ID","NAME","VALUE","TYPE","OUTPUT_TYPE","AXIS","GROUP_TYPE","CAPTION","DESCRIPTION","SORT") VALUES('2E6422DD660F4D6BA24B255D9AD0246F','D09AFC9B9C5748F19067E30CBC17356C','SSDQMC','IN1.SSDQMC','STRING','COL',null,null,'所属地区名称','',1);
INSERT INTO "BIGDATA"."ANALYSE_NODE_OUTPUT_COL"("OID","OUTPUT_ID","NAME","VALUE","TYPE","OUTPUT_TYPE","AXIS","GROUP_TYPE","CAPTION","DESCRIPTION","SORT") VALUES('2E7B505FE7484564842BA993D7675C28','E8D001B42EAA4F878F158E1EAB0D3B82','NL','IN1.NL','INTEGER','COL',null,null,'年龄','',8);
INSERT INTO "BIGDATA"."ANALYSE_NODE_OUTPUT_COL"("OID","OUTPUT_ID","NAME","VALUE","TYPE","OUTPUT_TYPE","AXIS","GROUP_TYPE","CAPTION","DESCRIPTION","SORT") VALUES('2F249866729E4818BD03030DFE19E971','30A44FB64CFB480E9F16E6535A8ED4E4','FKSSQ','IN1.FKSSQ','DATETIME','COL',null,null,'费款所属期','',4);
INSERT INTO "BIGDATA"."ANALYSE_NODE_OUTPUT_COL"("OID","OUTPUT_ID","NAME","VALUE","TYPE","OUTPUT_TYPE","AXIS","GROUP_TYPE","CAPTION","DESCRIPTION","SORT") VALUES('2F537B73307341C3A0D17168558E51FC','6F89F6197EE94055B680A61CB5B40111','DYZZSJSWRQ','DYZZSJSWRQ','DATETIME','COL',null,null,'等同死亡日期','',6);
INSERT INTO "BIGDATA"."ANALYSE_NODE_OUTPUT_COL"("OID","OUTPUT_ID","NAME","VALUE","TYPE","OUTPUT_TYPE","AXIS","GROUP_TYPE","CAPTION","DESCRIPTION","SORT") VALUES('317A5FCBA32045228446A39B00AAE038','1C17F5150767447CAC136DCB04941B63','CYSJ','CYSJ','DATETIME','COL',null,null,'出院时间','',3);
INSERT INTO "BIGDATA"."ANALYSE_NODE_OUTPUT_COL"("OID","OUTPUT_ID","NAME","VALUE","TYPE","OUTPUT_TYPE","AXIS","GROUP_TYPE","CAPTION","DESCRIPTION","SORT") VALUES('322B1AF3E7254061ABB95D385EF73C82','E8D001B42EAA4F878F158E1EAB0D3B82','RYSJ','IN1.RYSJ','DATETIME','COL',null,null,'入院时间','',2);
INSERT INTO "BIGDATA"."ANALYSE_NODE_OUTPUT_COL"("OID","OUTPUT_ID","NAME","VALUE","TYPE","OUTPUT_TYPE","AXIS","GROUP_TYPE","CAPTION","DESCRIPTION","SORT") VALUES('32C6F600F264448E90652DA3C1CDB21A','1C17F5150767447CAC136DCB04941B63','RYSJ','RYSJ','DATETIME','COL',null,null,'入院时间','',2);
INSERT INTO "BIGDATA"."ANALYSE_NODE_OUTPUT_COL"("OID","OUTPUT_ID","NAME","VALUE","TYPE","OUTPUT_TYPE","AXIS","GROUP_TYPE","CAPTION","DESCRIPTION","SORT") VALUES('39956DFB14A840EEB0CFE7B61BEF7C17','70C6BC3C4D2C4A029DD46C26931BF1BD','GRJFJE','GRJFJE','DECIMAL','COL',null,null,'个人缴费金额','',11);
INSERT INTO "BIGDATA"."ANALYSE_NODE_OUTPUT_COL"("OID","OUTPUT_ID","NAME","VALUE","TYPE","OUTPUT_TYPE","AXIS","GROUP_TYPE","CAPTION","DESCRIPTION","SORT") VALUES('39C9BEB5C2544093939E3404DC5B524B','315CD486654147EA98CD570822F205B6','SSDQDM','SSDQDM','STRING','COL',null,null,'所属地区代码','',1);
INSERT INTO "BIGDATA"."ANALYSE_NODE_OUTPUT_COL"("OID","OUTPUT_ID","NAME","VALUE","TYPE","OUTPUT_TYPE","AXIS","GROUP_TYPE","CAPTION","DESCRIPTION","SORT") VALUES('3A9204512B704E118A1F3AB1CFE51D50','016580F651F2422B95165A81E86BFB46','RYSJ','RYSJ','DATETIME','COL',null,null,'入院时间','',2);
INSERT INTO "BIGDATA"."ANALYSE_NODE_OUTPUT_COL"("OID","OUTPUT_ID","NAME","VALUE","TYPE","OUTPUT_TYPE","AXIS","GROUP_TYPE","CAPTION","DESCRIPTION","SORT") VALUES('3C3436D6748C4BF5B784115289603BD6','70C6BC3C4D2C4A029DD46C26931BF1BD','QTHRZHJE','QTHRZHJE','DECIMAL','COL',null,null,'其它划入账户金额','',8);
INSERT INTO "BIGDATA"."ANALYSE_NODE_OUTPUT_COL"("OID","OUTPUT_ID","NAME","VALUE","TYPE","OUTPUT_TYPE","AXIS","GROUP_TYPE","CAPTION","DESCRIPTION","SORT") VALUES('3D429A59F7004806AECBDBDD6F69725A','6F89F6197EE94055B680A61CB5B40111','GMSFHM','GMSFHM','STRING','COL',null,null,'公民身份号码','',4);
INSERT INTO "BIGDATA"."ANALYSE_NODE_OUTPUT_COL"("OID","OUTPUT_ID","NAME","VALUE","TYPE","OUTPUT_TYPE","AXIS","GROUP_TYPE","CAPTION","DESCRIPTION","SORT") VALUES('3F8EF6A0B8064177BC23CF91F35E9D2C','D1C71C7F93C6466E81A5BC7E67052B25','SSDQDM','SSDQDM','STRING','COL',null,null,'所属地区代码','',1);
INSERT INTO "BIGDATA"."ANALYSE_NODE_OUTPUT_COL"("OID","OUTPUT_ID","NAME","VALUE","TYPE","OUTPUT_TYPE","AXIS","GROUP_TYPE","CAPTION","DESCRIPTION","SORT") VALUES('4375385EE2AE43EDB3E98758BAA71B1C','30A44FB64CFB480E9F16E6535A8ED4E4','CBDWBH','IN1.CBDWBH','STRING','COL',null,null,'参保单位编号','',2);
INSERT INTO "BIGDATA"."ANALYSE_NODE_OUTPUT_COL"("OID","OUTPUT_ID","NAME","VALUE","TYPE","OUTPUT_TYPE","AXIS","GROUP_TYPE","CAPTION","DESCRIPTION","SORT") VALUES('43D9DCB929D044C8A0EF1159466E334C','F215644B0E69419F9F62336CCCE549CD','SSDQDM','SSDQDM','STRING','COL',null,null,'所属地区代码','',1);
INSERT INTO "BIGDATA"."ANALYSE_NODE_OUTPUT_COL"("OID","OUTPUT_ID","NAME","VALUE","TYPE","OUTPUT_TYPE","AXIS","GROUP_TYPE","CAPTION","DESCRIPTION","SORT") VALUES('44A05D002466422AA4A492E9DE646667','9E87EF1DBFE7490EADFE25DD7D9E856D','XB','IN1.XB','STRING','COL',null,null,'性别','',7);
INSERT INTO "BIGDATA"."ANALYSE_NODE_OUTPUT_COL"("OID","OUTPUT_ID","NAME","VALUE","TYPE","OUTPUT_TYPE","AXIS","GROUP_TYPE","CAPTION","DESCRIPTION","SORT") VALUES('44F6036EF54342D6867013D7D60DAD6C','213919E013274CB3ACC7E241DF68FE9B','SSDQMC','IN1.SSDQMC','STRING','COL',null,null,'所属地区名称','',1);
INSERT INTO "BIGDATA"."ANALYSE_NODE_OUTPUT_COL"("OID","OUTPUT_ID","NAME","VALUE","TYPE","OUTPUT_TYPE","AXIS","GROUP_TYPE","CAPTION","DESCRIPTION","SORT") VALUES('46CE028D3CAE4D38AB643FBC1EBCFB40','FC6A4EB7272743578104453E219788E0','SSDQDM','SSDQDM','STRING','COL',null,null,'所属地区代码','',1);
INSERT INTO "BIGDATA"."ANALYSE_NODE_OUTPUT_COL"("OID","OUTPUT_ID","NAME","VALUE","TYPE","OUTPUT_TYPE","AXIS","GROUP_TYPE","CAPTION","DESCRIPTION","SORT") VALUES('4784CC87B13647378675360C94939561','73F1B7A4369A46869E0ED08ED62365CC','CBDWBH','CBDWBH','STRING','COL',null,null,'参保单位编号','',2);
INSERT INTO "BIGDATA"."ANALYSE_NODE_OUTPUT_COL"("OID","OUTPUT_ID","NAME","VALUE","TYPE","OUTPUT_TYPE","AXIS","GROUP_TYPE","CAPTION","DESCRIPTION","SORT") VALUES('4D2BCEF4B690464690FE5AE5C799C573','1C17F5150767447CAC136DCB04941B63','NL','NL','INTEGER','COL',null,null,'年龄','',8);
INSERT INTO "BIGDATA"."ANALYSE_NODE_OUTPUT_COL"("OID","OUTPUT_ID","NAME","VALUE","TYPE","OUTPUT_TYPE","AXIS","GROUP_TYPE","CAPTION","DESCRIPTION","SORT") VALUES('4D898315A7584CCA98712E3F0B111BD2','9E87EF1DBFE7490EADFE25DD7D9E856D','RYSJ','IN1.RYSJ','DATETIME','COL',null,null,'入院时间','',2);
INSERT INTO "BIGDATA"."ANALYSE_NODE_OUTPUT_COL"("OID","OUTPUT_ID","NAME","VALUE","TYPE","OUTPUT_TYPE","AXIS","GROUP_TYPE","CAPTION","DESCRIPTION","SORT") VALUES('500BBE0D8FBD4D4B80E9A36EAD5C5147','0CD1ACD5194F41B19E3EDD5B365311FC','TCFWFY','TCFWFY','DECIMAL','COL',null,null,'统筹范围费用','',6);
INSERT INTO "BIGDATA"."ANALYSE_NODE_OUTPUT_COL"("OID","OUTPUT_ID","NAME","VALUE","TYPE","OUTPUT_TYPE","AXIS","GROUP_TYPE","CAPTION","DESCRIPTION","SORT") VALUES('5847CDB51C8C4001AE54FCC257A1F978','FC6A4EB7272743578104453E219788E0','TCFWFY','TCFWFY','DECIMAL','COL',null,null,'统筹范围费用','',6);
INSERT INTO "BIGDATA"."ANALYSE_NODE_OUTPUT_COL"("OID","OUTPUT_ID","NAME","VALUE","TYPE","OUTPUT_TYPE","AXIS","GROUP_TYPE","CAPTION","DESCRIPTION","SORT") VALUES('588C7E55F8014FF99387DCBF381383C0','E8D001B42EAA4F878F158E1EAB0D3B82','TCFWFY','IN1.TCFWFY','DECIMAL','COL',null,null,'统筹范围费用','',6);
INSERT INTO "BIGDATA"."ANALYSE_NODE_OUTPUT_COL"("OID","OUTPUT_ID","NAME","VALUE","TYPE","OUTPUT_TYPE","AXIS","GROUP_TYPE","CAPTION","DESCRIPTION","SORT") VALUES('5A38F5A37329466BA15A55AA33BF4396','73F1B7A4369A46869E0ED08ED62365CC','XM','XM','STRING','COL',null,null,'姓名','',5);
INSERT INTO "BIGDATA"."ANALYSE_NODE_OUTPUT_COL"("OID","OUTPUT_ID","NAME","VALUE","TYPE","OUTPUT_TYPE","AXIS","GROUP_TYPE","CAPTION","DESCRIPTION","SORT") VALUES('5A56619BCECC444AAA575227B200913A','70C6BC3C4D2C4A029DD46C26931BF1BD','CBGRBH','CBGRBH','STRING','COL',null,null,'参保个人编号','',3);
INSERT INTO "BIGDATA"."ANALYSE_NODE_OUTPUT_COL"("OID","OUTPUT_ID","NAME","VALUE","TYPE","OUTPUT_TYPE","AXIS","GROUP_TYPE","CAPTION","DESCRIPTION","SORT") VALUES('65A6FAA9E3F14A45947A8A725C438EB9','70C6BC3C4D2C4A029DD46C26931BF1BD','HRZHLX','HRZHLX','DECIMAL','COL',null,null,'划入账户利息','',6);
INSERT INTO "BIGDATA"."ANALYSE_NODE_OUTPUT_COL"("OID","OUTPUT_ID","NAME","VALUE","TYPE","OUTPUT_TYPE","AXIS","GROUP_TYPE","CAPTION","DESCRIPTION","SORT") VALUES('67495FED307A42BDBAB78D4028C6FEFC','35C2553D91664B248C4E7A36D5158769','SSDQMC','SSDQMC','STRING','COL',null,null,'所属地区名称','',1);
INSERT INTO "BIGDATA"."ANALYSE_NODE_OUTPUT_COL"("OID","OUTPUT_ID","NAME","VALUE","TYPE","OUTPUT_TYPE","AXIS","GROUP_TYPE","CAPTION","DESCRIPTION","SORT") VALUES('679E37A0BC6E4154AD35EF24DC958B98','73F1B7A4369A46869E0ED08ED62365CC','SSDQMC','SSDQMC','STRING','COL',null,null,'所属地区名称','',1);
INSERT INTO "BIGDATA"."ANALYSE_NODE_OUTPUT_COL"("OID","OUTPUT_ID","NAME","VALUE","TYPE","OUTPUT_TYPE","AXIS","GROUP_TYPE","CAPTION","DESCRIPTION","SORT") VALUES('6FC0F7B334CF4420BB6288606EE06966','D09AFC9B9C5748F19067E30CBC17356C','CBDWBH','IN1.CBDWBH','STRING','COL',null,null,'参保单位编号','',2);
INSERT INTO "BIGDATA"."ANALYSE_NODE_OUTPUT_COL"("OID","OUTPUT_ID","NAME","VALUE","TYPE","OUTPUT_TYPE","AXIS","GROUP_TYPE","CAPTION","DESCRIPTION","SORT") VALUES('7478C504D3A54F00A79809486D99804D','73F1B7A4369A46869E0ED08ED62365CC','XB','XB','STRING','COL',null,null,'性别','',4);
INSERT INTO "BIGDATA"."ANALYSE_NODE_OUTPUT_COL"("OID","OUTPUT_ID","NAME","VALUE","TYPE","OUTPUT_TYPE","AXIS","GROUP_TYPE","CAPTION","DESCRIPTION","SORT") VALUES('752E76C574164BE795AA06873AA63B61','016580F651F2422B95165A81E86BFB46','NL','NL','INTEGER','COL',null,null,'年龄','',8);
INSERT INTO "BIGDATA"."ANALYSE_NODE_OUTPUT_COL"("OID","OUTPUT_ID","NAME","VALUE","TYPE","OUTPUT_TYPE","AXIS","GROUP_TYPE","CAPTION","DESCRIPTION","SORT") VALUES('787CC23BFEDD41B4B07E8DF082370BB0','213919E013274CB3ACC7E241DF68FE9B','XM','IN2.XM','STRING','COL',null,null,'姓名','',6);
INSERT INTO "BIGDATA"."ANALYSE_NODE_OUTPUT_COL"("OID","OUTPUT_ID","NAME","VALUE","TYPE","OUTPUT_TYPE","AXIS","GROUP_TYPE","CAPTION","DESCRIPTION","SORT") VALUES('78A7B31501D843AA972E09FB5C7B5FD0','30A44FB64CFB480E9F16E6535A8ED4E4','CBGRBH','IN1.CBGRBH','STRING','COL',null,null,'参保个人编号','',3);
INSERT INTO "BIGDATA"."ANALYSE_NODE_OUTPUT_COL"("OID","OUTPUT_ID","NAME","VALUE","TYPE","OUTPUT_TYPE","AXIS","GROUP_TYPE","CAPTION","DESCRIPTION","SORT") VALUES('79987A0330ED40B7A5B1826AA2C13618','87BA74E867014E33A2A459F518B61ADC','SSDQDM','SSDQDM','STRING','COL',null,null,'所属地区代码','',1);
INSERT INTO "BIGDATA"."ANALYSE_NODE_OUTPUT_COL"("OID","OUTPUT_ID","NAME","VALUE","TYPE","OUTPUT_TYPE","AXIS","GROUP_TYPE","CAPTION","DESCRIPTION","SORT") VALUES('7D819FD1ACC44BC8A0F61D4709A90755','70C6BC3C4D2C4A029DD46C26931BF1BD','SSDQDM','SSDQDM','STRING','COL',null,null,'所属地区代码','',1);
INSERT INTO "BIGDATA"."ANALYSE_NODE_OUTPUT_COL"("OID","OUTPUT_ID","NAME","VALUE","TYPE","OUTPUT_TYPE","AXIS","GROUP_TYPE","CAPTION","DESCRIPTION","SORT") VALUES('7DD7CF77275B48D0850F5082B6F4AECC','9E87EF1DBFE7490EADFE25DD7D9E856D','NL','IN1.NL','INTEGER','COL',null,null,'年龄','',8);
INSERT INTO "BIGDATA"."ANALYSE_NODE_OUTPUT_COL"("OID","OUTPUT_ID","NAME","VALUE","TYPE","OUTPUT_TYPE","AXIS","GROUP_TYPE","CAPTION","DESCRIPTION","SORT") VALUES('802389F4536A446CA75ED180EE144A45','315CD486654147EA98CD570822F205B6','GMSFHM','GMSFHM','STRING','COL',null,null,'公民身份号码','',4);
INSERT INTO "BIGDATA"."ANALYSE_NODE_OUTPUT_COL"("OID","OUTPUT_ID","NAME","VALUE","TYPE","OUTPUT_TYPE","AXIS","GROUP_TYPE","CAPTION","DESCRIPTION","SORT") VALUES('80B6986859D74335AAC6A0B195FC249E','D09AFC9B9C5748F19067E30CBC17356C','SFZH','IN1.SFZH','STRING','COL',null,null,'身份证号','',7);
INSERT INTO "BIGDATA"."ANALYSE_NODE_OUTPUT_COL"("OID","OUTPUT_ID","NAME","VALUE","TYPE","OUTPUT_TYPE","AXIS","GROUP_TYPE","CAPTION","DESCRIPTION","SORT") VALUES('83D6F5214BBE411E8ECACAD043A584B4','FC6A4EB7272743578104453E219788E0','XZM','XZM','STRING','COL',null,null,'险种码','',9);
INSERT INTO "BIGDATA"."ANALYSE_NODE_OUTPUT_COL"("OID","OUTPUT_ID","NAME","VALUE","TYPE","OUTPUT_TYPE","AXIS","GROUP_TYPE","CAPTION","DESCRIPTION","SORT") VALUES('85262BD619444BE1B050166612AEF38B','E8D001B42EAA4F878F158E1EAB0D3B82','CYSJ','IN1.CYSJ','DATETIME','COL',null,null,'出院时间','',3);
INSERT INTO "BIGDATA"."ANALYSE_NODE_OUTPUT_COL"("OID","OUTPUT_ID","NAME","VALUE","TYPE","OUTPUT_TYPE","AXIS","GROUP_TYPE","CAPTION","DESCRIPTION","SORT") VALUES('868686AB8D764C0984A452E963AA9880','315CD486654147EA98CD570822F205B6','XB','XB','STRING','COL',null,null,'性别','',5);
INSERT INTO "BIGDATA"."ANALYSE_NODE_OUTPUT_COL"("OID","OUTPUT_ID","NAME","VALUE","TYPE","OUTPUT_TYPE","AXIS","GROUP_TYPE","CAPTION","DESCRIPTION","SORT") VALUES('86E9308694BC4827B3C4BBB3EF496B84','AE2F1FEE0D6B49F2AE3120EB486D403B','SSDQDM','SSDQDM','STRING','COL',null,null,'所属地区代码','',1);
INSERT INTO "BIGDATA"."ANALYSE_NODE_OUTPUT_COL"("OID","OUTPUT_ID","NAME","VALUE","TYPE","OUTPUT_TYPE","AXIS","GROUP_TYPE","CAPTION","DESCRIPTION","SORT") VALUES('89C3A7D2FD9A4CE190257067195069B9','E8D001B42EAA4F878F158E1EAB0D3B82','XB','IN1.XB','STRING','COL',null,null,'性别','',7);
INSERT INTO "BIGDATA"."ANALYSE_NODE_OUTPUT_COL"("OID","OUTPUT_ID","NAME","VALUE","TYPE","OUTPUT_TYPE","AXIS","GROUP_TYPE","CAPTION","DESCRIPTION","SORT") VALUES('8A030D69D64A499CBA1A0628D6BDF573','0CD1ACD5194F41B19E3EDD5B365311FC','XB','XB','STRING','COL',null,null,'性别','',7);
INSERT INTO "BIGDATA"."ANALYSE_NODE_OUTPUT_COL"("OID","OUTPUT_ID","NAME","VALUE","TYPE","OUTPUT_TYPE","AXIS","GROUP_TYPE","CAPTION","DESCRIPTION","SORT") VALUES('8C9EB0FCDE114C99B6BF618F5D96A98A','70C6BC3C4D2C4A029DD46C26931BF1BD','HRTCLX','HRTCLX','DECIMAL','COL',null,null,'划入统筹利息','',5);
INSERT INTO "BIGDATA"."ANALYSE_NODE_OUTPUT_COL"("OID","OUTPUT_ID","NAME","VALUE","TYPE","OUTPUT_TYPE","AXIS","GROUP_TYPE","CAPTION","DESCRIPTION","SORT") VALUES('8DA2E2E52B864CB386B1D0904300D5FB','FC6A4EB7272743578104453E219788E0','XM','XM','STRING','COL',null,null,'姓名','',4);
INSERT INTO "BIGDATA"."ANALYSE_NODE_OUTPUT_COL"("OID","OUTPUT_ID","NAME","VALUE","TYPE","OUTPUT_TYPE","AXIS","GROUP_TYPE","CAPTION","DESCRIPTION","SORT") VALUES('910E5D13816C4165924BCE97E313CF77','30A44FB64CFB480E9F16E6535A8ED4E4','XM','IN2.XM','STRING','COL',null,null,'姓名','',6);
INSERT INTO "BIGDATA"."ANALYSE_NODE_OUTPUT_COL"("OID","OUTPUT_ID","NAME","VALUE","TYPE","OUTPUT_TYPE","AXIS","GROUP_TYPE","CAPTION","DESCRIPTION","SORT") VALUES('9162FA1342AE4826AF4C2AEDAB57DE62','FC6A4EB7272743578104453E219788E0','RYSJ','RYSJ','DATETIME','COL',null,null,'入院时间','',2);
INSERT INTO "BIGDATA"."ANALYSE_NODE_OUTPUT_COL"("OID","OUTPUT_ID","NAME","VALUE","TYPE","OUTPUT_TYPE","AXIS","GROUP_TYPE","CAPTION","DESCRIPTION","SORT") VALUES('920E0E80FBA84F0CACA863D91724674E','9E87EF1DBFE7490EADFE25DD7D9E856D','TCFWFY','IN1.TCFWFY','DECIMAL','COL',null,null,'统筹范围费用','',6);
INSERT INTO "BIGDATA"."ANALYSE_NODE_OUTPUT_COL"("OID","OUTPUT_ID","NAME","VALUE","TYPE","OUTPUT_TYPE","AXIS","GROUP_TYPE","CAPTION","DESCRIPTION","SORT") VALUES('9269E15148FB4B6F81A5A1F3E1DB4C25','79FCFE0E0DDD4A7595F830262D85AF1A','XB','XB','STRING','COL',null,null,'性别','',4);
INSERT INTO "BIGDATA"."ANALYSE_NODE_OUTPUT_COL"("OID","OUTPUT_ID","NAME","VALUE","TYPE","OUTPUT_TYPE","AXIS","GROUP_TYPE","CAPTION","DESCRIPTION","SORT") VALUES('92D3ED9A98FB43DCA94BF9CF67882D0D','AE2F1FEE0D6B49F2AE3120EB486D403B','SSDQMC','SSDQMC','STRING','COL',null,null,'所属地区名称','',2);
INSERT INTO "BIGDATA"."ANALYSE_NODE_OUTPUT_COL"("OID","OUTPUT_ID","NAME","VALUE","TYPE","OUTPUT_TYPE","AXIS","GROUP_TYPE","CAPTION","DESCRIPTION","SORT") VALUES('95A358D67A62486B8275D859FF6E5959','D09AFC9B9C5748F19067E30CBC17356C','CBGRBH','IN1.CBGRBH','STRING','COL',null,null,'参保个人编号','',3);
INSERT INTO "BIGDATA"."ANALYSE_NODE_OUTPUT_COL"("OID","OUTPUT_ID","NAME","VALUE","TYPE","OUTPUT_TYPE","AXIS","GROUP_TYPE","CAPTION","DESCRIPTION","SORT") VALUES('9B7C4E114B4E4EFC84BDCFEC5325A1CB','F215644B0E69419F9F62336CCCE549CD','XB','XB','STRING','COL',null,null,'性别','',7);
INSERT INTO "BIGDATA"."ANALYSE_NODE_OUTPUT_COL"("OID","OUTPUT_ID","NAME","VALUE","TYPE","OUTPUT_TYPE","AXIS","GROUP_TYPE","CAPTION","DESCRIPTION","SORT") VALUES('9E99C789581642CAB35A1D70258AE1D2','79FCFE0E0DDD4A7595F830262D85AF1A','SSDQDM','SSDQDM','STRING','COL',null,null,'所属地区代码','',1);
INSERT INTO "BIGDATA"."ANALYSE_NODE_OUTPUT_COL"("OID","OUTPUT_ID","NAME","VALUE","TYPE","OUTPUT_TYPE","AXIS","GROUP_TYPE","CAPTION","DESCRIPTION","SORT") VALUES('A0C21C9E65AB4A90939CACC1C32D4B36','213919E013274CB3ACC7E241DF68FE9B','SFZH','IN2.SFZH','STRING','COL',null,null,'身份证号','',7);
INSERT INTO "BIGDATA"."ANALYSE_NODE_OUTPUT_COL"("OID","OUTPUT_ID","NAME","VALUE","TYPE","OUTPUT_TYPE","AXIS","GROUP_TYPE","CAPTION","DESCRIPTION","SORT") VALUES('A1380A9905ED4A7CA29415A40961D87A','315CD486654147EA98CD570822F205B6','SSDQMC','SSDQMC','STRING','COL',null,null,'所属地区名称','',2);
INSERT INTO "BIGDATA"."ANALYSE_NODE_OUTPUT_COL"("OID","OUTPUT_ID","NAME","VALUE","TYPE","OUTPUT_TYPE","AXIS","GROUP_TYPE","CAPTION","DESCRIPTION","SORT") VALUES('A1849923628E4B6A8D41276DB5FFD6A9','79FCFE0E0DDD4A7595F830262D85AF1A','HHSJ','HHSJ','DATETIME','COL',null,null,'等同死亡日期','',6);
INSERT INTO "BIGDATA"."ANALYSE_NODE_OUTPUT_COL"("OID","OUTPUT_ID","NAME","VALUE","TYPE","OUTPUT_TYPE","AXIS","GROUP_TYPE","CAPTION","DESCRIPTION","SORT") VALUES('A4D86AB04F29434F8E8A9780D6AF25C9','213919E013274CB3ACC7E241DF68FE9B','FKSSQ','IN2.FKSSQ','DATETIME','COL',null,null,'费款所属期','',4);
INSERT INTO "BIGDATA"."ANALYSE_NODE_OUTPUT_COL"("OID","OUTPUT_ID","NAME","VALUE","TYPE","OUTPUT_TYPE","AXIS","GROUP_TYPE","CAPTION","DESCRIPTION","SORT") VALUES('A900E198A49E4030B2666095F02762BD','0CD1ACD5194F41B19E3EDD5B365311FC','NL','NL','INTEGER','COL',null,null,'年龄','',8);
INSERT INTO "BIGDATA"."ANALYSE_NODE_OUTPUT_COL"("OID","OUTPUT_ID","NAME","VALUE","TYPE","OUTPUT_TYPE","AXIS","GROUP_TYPE","CAPTION","DESCRIPTION","SORT") VALUES('ABD718F59E654BF7976510CE32E23710','F215644B0E69419F9F62336CCCE549CD','SBJBJGMC','SBJBJGMC','STRING','COL',null,null,'社保经办机构名称','',2);
INSERT INTO "BIGDATA"."ANALYSE_NODE_OUTPUT_COL"("OID","OUTPUT_ID","NAME","VALUE","TYPE","OUTPUT_TYPE","AXIS","GROUP_TYPE","CAPTION","DESCRIPTION","SORT") VALUES('AC52AEAF4AED4F8D9DDE86C787555674','73F1B7A4369A46869E0ED08ED62365CC','CBGRBH','CBGRBH','STRING','COL',null,null,'参保个人编号','',3);
INSERT INTO "BIGDATA"."ANALYSE_NODE_OUTPUT_COL"("OID","OUTPUT_ID","NAME","VALUE","TYPE","OUTPUT_TYPE","AXIS","GROUP_TYPE","CAPTION","DESCRIPTION","SORT") VALUES('AEC0F2393A27451CBC26258734309AAB','79FCFE0E0DDD4A7595F830262D85AF1A','SZXM','SZXM','STRING','COL',null,null,'死者姓名','',3);
INSERT INTO "BIGDATA"."ANALYSE_NODE_OUTPUT_COL"("OID","OUTPUT_ID","NAME","VALUE","TYPE","OUTPUT_TYPE","AXIS","GROUP_TYPE","CAPTION","DESCRIPTION","SORT") VALUES('B5EE208B66CA41999DC7BBCC5788AF15','213919E013274CB3ACC7E241DF68FE9B','CBDWBH','IN2.CBDWBH','STRING','COL',null,null,'参保单位编号','',2);
INSERT INTO "BIGDATA"."ANALYSE_NODE_OUTPUT_COL"("OID","OUTPUT_ID","NAME","VALUE","TYPE","OUTPUT_TYPE","AXIS","GROUP_TYPE","CAPTION","DESCRIPTION","SORT") VALUES('B9FEF54014BA4101A56C8FF1D5CA0E26','9E87EF1DBFE7490EADFE25DD7D9E856D','SFZH','IN1.SFZH','STRING','COL',null,null,'身份证号','',5);
INSERT INTO "BIGDATA"."ANALYSE_NODE_OUTPUT_COL"("OID","OUTPUT_ID","NAME","VALUE","TYPE","OUTPUT_TYPE","AXIS","GROUP_TYPE","CAPTION","DESCRIPTION","SORT") VALUES('BC571AECAF584658B361AFEBA34089DC','9E87EF1DBFE7490EADFE25DD7D9E856D','SSDQMC','IN2.SSDQMC','STRING','COL',null,null,'所属地区名称','',9);
INSERT INTO "BIGDATA"."ANALYSE_NODE_OUTPUT_COL"("OID","OUTPUT_ID","NAME","VALUE","TYPE","OUTPUT_TYPE","AXIS","GROUP_TYPE","CAPTION","DESCRIPTION","SORT") VALUES('BDC49EC35CE048F5BAAA27A1A7DA4CE4','73F1B7A4369A46869E0ED08ED62365CC','SFZH','SFZH','STRING','COL',null,null,'身份证号','',6);
INSERT INTO "BIGDATA"."ANALYSE_NODE_OUTPUT_COL"("OID","OUTPUT_ID","NAME","VALUE","TYPE","OUTPUT_TYPE","AXIS","GROUP_TYPE","CAPTION","DESCRIPTION","SORT") VALUES('BE251973F0B74F1BBF8EEDEE2577B3E7','1C17F5150767447CAC136DCB04941B63','SSDQDM','SSDQDM','STRING','COL',null,null,'所属地区代码','',1);
INSERT INTO "BIGDATA"."ANALYSE_NODE_OUTPUT_COL"("OID","OUTPUT_ID","NAME","VALUE","TYPE","OUTPUT_TYPE","AXIS","GROUP_TYPE","CAPTION","DESCRIPTION","SORT") VALUES('BFC8D3D78FA643B39163AB18D94848DA','30A44FB64CFB480E9F16E6535A8ED4E4','SSDQDM','IN1.SSDQDM','STRING','COL',null,null,'所属地区代码','',1);
INSERT INTO "BIGDATA"."ANALYSE_NODE_OUTPUT_COL"("OID","OUTPUT_ID","NAME","VALUE","TYPE","OUTPUT_TYPE","AXIS","GROUP_TYPE","CAPTION","DESCRIPTION","SORT") VALUES('C14664155DCD4941ADB6385DAB0F8058','30A44FB64CFB480E9F16E6535A8ED4E4','SFZH','IN2.SFZH','STRING','COL',null,null,'身份证号','',7);
INSERT INTO "BIGDATA"."ANALYSE_NODE_OUTPUT_COL"("OID","OUTPUT_ID","NAME","VALUE","TYPE","OUTPUT_TYPE","AXIS","GROUP_TYPE","CAPTION","DESCRIPTION","SORT") VALUES('C36CC76D8CDF4168AA43201B6FD782D9','70C6BC3C4D2C4A029DD46C26931BF1BD','FKSSQ','FKSSQ','DATETIME','COL',null,null,'费款所属期','',4);
INSERT INTO "BIGDATA"."ANALYSE_NODE_OUTPUT_COL"("OID","OUTPUT_ID","NAME","VALUE","TYPE","OUTPUT_TYPE","AXIS","GROUP_TYPE","CAPTION","DESCRIPTION","SORT") VALUES('C40CE007380A40FEBC8DE7D94E27DFFC','0CD1ACD5194F41B19E3EDD5B365311FC','SSDQMC','SSDQMC','STRING','COL',null,null,'所属地区名称','',9);
INSERT INTO "BIGDATA"."ANALYSE_NODE_OUTPUT_COL"("OID","OUTPUT_ID","NAME","VALUE","TYPE","OUTPUT_TYPE","AXIS","GROUP_TYPE","CAPTION","DESCRIPTION","SORT") VALUES('C4FCE8AA818D4139B4E256A844065C18','D09AFC9B9C5748F19067E30CBC17356C','XM','IN1.XM','STRING','COL',null,null,'姓名','',6);
INSERT INTO "BIGDATA"."ANALYSE_NODE_OUTPUT_COL"("OID","OUTPUT_ID","NAME","VALUE","TYPE","OUTPUT_TYPE","AXIS","GROUP_TYPE","CAPTION","DESCRIPTION","SORT") VALUES('C5B5D169A43541C79C3B51261A5DA367','E8D001B42EAA4F878F158E1EAB0D3B82','SFZH','IN1.SFZH','STRING','COL',null,null,'身份证号','',5);
INSERT INTO "BIGDATA"."ANALYSE_NODE_OUTPUT_COL"("OID","OUTPUT_ID","NAME","VALUE","TYPE","OUTPUT_TYPE","AXIS","GROUP_TYPE","CAPTION","DESCRIPTION","SORT") VALUES('C9441C98ACD54D0CBA42DA0A8D245004','F215644B0E69419F9F62336CCCE549CD','CBDWBH','CBDWBH','STRING','COL',null,null,'参保单位编号','',4);
INSERT INTO "BIGDATA"."ANALYSE_NODE_OUTPUT_COL"("OID","OUTPUT_ID","NAME","VALUE","TYPE","OUTPUT_TYPE","AXIS","GROUP_TYPE","CAPTION","DESCRIPTION","SORT") VALUES('CB00402154FE44F9A307FD73FD36C151','1C17F5150767447CAC136DCB04941B63','XM','XM','STRING','COL',null,null,'姓名','',4);
INSERT INTO "BIGDATA"."ANALYSE_NODE_OUTPUT_COL"("OID","OUTPUT_ID","NAME","VALUE","TYPE","OUTPUT_TYPE","AXIS","GROUP_TYPE","CAPTION","DESCRIPTION","SORT") VALUES('CC1368DED94B4ECD9C1C024AB9C07468','016580F651F2422B95165A81E86BFB46','XB','XB','STRING','COL',null,null,'性别','',7);
INSERT INTO "BIGDATA"."ANALYSE_NODE_OUTPUT_COL"("OID","OUTPUT_ID","NAME","VALUE","TYPE","OUTPUT_TYPE","AXIS","GROUP_TYPE","CAPTION","DESCRIPTION","SORT") VALUES('CD116C7CBBB748CE86766B6CD4DD9E26','E8D001B42EAA4F878F158E1EAB0D3B82','XM','IN1.XM','STRING','COL',null,null,'姓名','',4);
INSERT INTO "BIGDATA"."ANALYSE_NODE_OUTPUT_COL"("OID","OUTPUT_ID","NAME","VALUE","TYPE","OUTPUT_TYPE","AXIS","GROUP_TYPE","CAPTION","DESCRIPTION","SORT") VALUES('D15414783F2A4EC2865BA4196D007B60','1C17F5150767447CAC136DCB04941B63','TCFWFY','TCFWFY','DECIMAL','COL',null,null,'统筹范围费用','',6);
INSERT INTO "BIGDATA"."ANALYSE_NODE_OUTPUT_COL"("OID","OUTPUT_ID","NAME","VALUE","TYPE","OUTPUT_TYPE","AXIS","GROUP_TYPE","CAPTION","DESCRIPTION","SORT") VALUES('D484A4171CD7435581DA5382115D2F16','6F89F6197EE94055B680A61CB5B40111','SSDQMC','SSDQMC','STRING','COL',null,null,'所属地区名称','',2);
INSERT INTO "BIGDATA"."ANALYSE_NODE_OUTPUT_COL"("OID","OUTPUT_ID","NAME","VALUE","TYPE","OUTPUT_TYPE","AXIS","GROUP_TYPE","CAPTION","DESCRIPTION","SORT") VALUES('D606D0C05E2D4DAEB1FB830BA53350C1','FC6A4EB7272743578104453E219788E0','SFZH','SFZH','STRING','COL',null,null,'身份证号','',5);
INSERT INTO "BIGDATA"."ANALYSE_NODE_OUTPUT_COL"("OID","OUTPUT_ID","NAME","VALUE","TYPE","OUTPUT_TYPE","AXIS","GROUP_TYPE","CAPTION","DESCRIPTION","SORT") VALUES('D6447AF840624E0585E3C00ACB9D3D1A','016580F651F2422B95165A81E86BFB46','XM','XM','STRING','COL',null,null,'姓名','',4);
INSERT INTO "BIGDATA"."ANALYSE_NODE_OUTPUT_COL"("OID","OUTPUT_ID","NAME","VALUE","TYPE","OUTPUT_TYPE","AXIS","GROUP_TYPE","CAPTION","DESCRIPTION","SORT") VALUES('D7789BFFA4BD49AFB32A69730CDE83F8','AE2F1FEE0D6B49F2AE3120EB486D403B','DYZZSJSWRQ','DYZZSJSWRQ','DATETIME','COL',null,null,'等同死亡日期','',6);
INSERT INTO "BIGDATA"."ANALYSE_NODE_OUTPUT_COL"("OID","OUTPUT_ID","NAME","VALUE","TYPE","OUTPUT_TYPE","AXIS","GROUP_TYPE","CAPTION","DESCRIPTION","SORT") VALUES('D8E8F168531942E0BA36CB497D8D060E','35C2553D91664B248C4E7A36D5158769','XB','XB','STRING','COL',null,null,'性别','',4);
INSERT INTO "BIGDATA"."ANALYSE_NODE_OUTPUT_COL"("OID","OUTPUT_ID","NAME","VALUE","TYPE","OUTPUT_TYPE","AXIS","GROUP_TYPE","CAPTION","DESCRIPTION","SORT") VALUES('D9134D53A3984939BC54E4A38BA6D9DF','0CD1ACD5194F41B19E3EDD5B365311FC','SSDQDM','SSDQDM','STRING','COL',null,null,'所属地区代码','',1);
INSERT INTO "BIGDATA"."ANALYSE_NODE_OUTPUT_COL"("OID","OUTPUT_ID","NAME","VALUE","TYPE","OUTPUT_TYPE","AXIS","GROUP_TYPE","CAPTION","DESCRIPTION","SORT") VALUES('DA9E937D934749B5ADD5DEBA81805E80','70C6BC3C4D2C4A029DD46C26931BF1BD','DWJFHRTCJE','DWJFHRTCJE','DECIMAL','COL',null,null,'单位缴费划入统筹金额','',9);
INSERT INTO "BIGDATA"."ANALYSE_NODE_OUTPUT_COL"("OID","OUTPUT_ID","NAME","VALUE","TYPE","OUTPUT_TYPE","AXIS","GROUP_TYPE","CAPTION","DESCRIPTION","SORT") VALUES('DF2F2832CF5A4EACAA6601EDA687285C','315CD486654147EA98CD570822F205B6','XM','XM','STRING','COL',null,null,'姓名','',3);
INSERT INTO "BIGDATA"."ANALYSE_NODE_OUTPUT_COL"("OID","OUTPUT_ID","NAME","VALUE","TYPE","OUTPUT_TYPE","AXIS","GROUP_TYPE","CAPTION","DESCRIPTION","SORT") VALUES('DF7018053F244B20BD97A90DD190CD49','35C2553D91664B248C4E7A36D5158769','CBDWBH','CBDWBH','STRING','COL',null,null,'参保单位编号','',2);
INSERT INTO "BIGDATA"."ANALYSE_NODE_OUTPUT_COL"("OID","OUTPUT_ID","NAME","VALUE","TYPE","OUTPUT_TYPE","AXIS","GROUP_TYPE","CAPTION","DESCRIPTION","SORT") VALUES('E13D56A924CB48ABA597DD797C1D49A7','30A44FB64CFB480E9F16E6535A8ED4E4','XB','IN2.XB','STRING','COL',null,null,'性别','',5);
INSERT INTO "BIGDATA"."ANALYSE_NODE_OUTPUT_COL"("OID","OUTPUT_ID","NAME","VALUE","TYPE","OUTPUT_TYPE","AXIS","GROUP_TYPE","CAPTION","DESCRIPTION","SORT") VALUES('E2B6C6FC3D0E4C06953F2460F7CD5426','70C6BC3C4D2C4A029DD46C26931BF1BD','QTHRTCJE','QTHRTCJE','DECIMAL','COL',null,null,'其它划入统筹金额','',7);
INSERT INTO "BIGDATA"."ANALYSE_NODE_OUTPUT_COL"("OID","OUTPUT_ID","NAME","VALUE","TYPE","OUTPUT_TYPE","AXIS","GROUP_TYPE","CAPTION","DESCRIPTION","SORT") VALUES('E626DC14B9D941E8BF494D1B1AEED28E','35C2553D91664B248C4E7A36D5158769','XM','XM','STRING','COL',null,null,'姓名','',5);
INSERT INTO "BIGDATA"."ANALYSE_NODE_OUTPUT_COL"("OID","OUTPUT_ID","NAME","VALUE","TYPE","OUTPUT_TYPE","AXIS","GROUP_TYPE","CAPTION","DESCRIPTION","SORT") VALUES('E8C312F2FAB147E3AEB6C2C089E490F5','315CD486654147EA98CD570822F205B6','DYZZSJSWRQ','DYZZSJSWRQ','DATETIME','COL',null,null,'等同死亡日期','',6);
INSERT INTO "BIGDATA"."ANALYSE_NODE_OUTPUT_COL"("OID","OUTPUT_ID","NAME","VALUE","TYPE","OUTPUT_TYPE","AXIS","GROUP_TYPE","CAPTION","DESCRIPTION","SORT") VALUES('EAE57427CBED4343B401F600EBE4D067','E8D001B42EAA4F878F158E1EAB0D3B82','SSDQDM','IN1.SSDQDM','STRING','COL',null,null,'所属地区代码','',1);
INSERT INTO "BIGDATA"."ANALYSE_NODE_OUTPUT_COL"("OID","OUTPUT_ID","NAME","VALUE","TYPE","OUTPUT_TYPE","AXIS","GROUP_TYPE","CAPTION","DESCRIPTION","SORT") VALUES('F0A0AE7C332440DD8E4183A16D395C42','79FCFE0E0DDD4A7595F830262D85AF1A','GMSFHM','GMSFHM','STRING','COL',null,null,'公民身份号码','',5);
INSERT INTO "BIGDATA"."ANALYSE_NODE_OUTPUT_COL"("OID","OUTPUT_ID","NAME","VALUE","TYPE","OUTPUT_TYPE","AXIS","GROUP_TYPE","CAPTION","DESCRIPTION","SORT") VALUES('F0A3C1678F5844A09B154D7152EFA7F0','D09AFC9B9C5748F19067E30CBC17356C','FKSSQ','IN1.FKSSQ','DATETIME','COL',null,null,'费款所属期','',4);
INSERT INTO "BIGDATA"."ANALYSE_NODE_OUTPUT_COL"("OID","OUTPUT_ID","NAME","VALUE","TYPE","OUTPUT_TYPE","AXIS","GROUP_TYPE","CAPTION","DESCRIPTION","SORT") VALUES('F0A430F5FB734634B495CE4B7F9AE58F','9E87EF1DBFE7490EADFE25DD7D9E856D','CYSJ','IN1.CYSJ','DATETIME','COL',null,null,'出院时间','',3);
INSERT INTO "BIGDATA"."ANALYSE_NODE_OUTPUT_COL"("OID","OUTPUT_ID","NAME","VALUE","TYPE","OUTPUT_TYPE","AXIS","GROUP_TYPE","CAPTION","DESCRIPTION","SORT") VALUES('F127196C39A441FE8F56DE57CB4E9301','1C17F5150767447CAC136DCB04941B63','XZM','XZM','STRING','COL',null,null,'险种码','',9);
INSERT INTO "BIGDATA"."ANALYSE_NODE_OUTPUT_COL"("OID","OUTPUT_ID","NAME","VALUE","TYPE","OUTPUT_TYPE","AXIS","GROUP_TYPE","CAPTION","DESCRIPTION","SORT") VALUES('F55A76C0950B4832A9FC69ADA767F4C8','87BA74E867014E33A2A459F518B61ADC','SSDQMC','SSDQMC','STRING','COL',null,null,'所属地区名称','',2);
INSERT INTO "BIGDATA"."ANALYSE_NODE_OUTPUT_COL"("OID","OUTPUT_ID","NAME","VALUE","TYPE","OUTPUT_TYPE","AXIS","GROUP_TYPE","CAPTION","DESCRIPTION","SORT") VALUES('F797B8B636084AA7BB2CAEA4376B271E','F215644B0E69419F9F62336CCCE549CD','SFZH','SFZH','STRING','COL',null,null,'身份证号','',5);
INSERT INTO "BIGDATA"."ANALYSE_NODE_OUTPUT_COL"("OID","OUTPUT_ID","NAME","VALUE","TYPE","OUTPUT_TYPE","AXIS","GROUP_TYPE","CAPTION","DESCRIPTION","SORT") VALUES('F7A54DC7C53D4E819EC22BEE93A8AB7E','9E87EF1DBFE7490EADFE25DD7D9E856D','SSDQDM','IN1.SSDQDM','STRING','COL',null,null,'所属地区代码','',1);
INSERT INTO "BIGDATA"."ANALYSE_NODE_OUTPUT_COL"("OID","OUTPUT_ID","NAME","VALUE","TYPE","OUTPUT_TYPE","AXIS","GROUP_TYPE","CAPTION","DESCRIPTION","SORT") VALUES('F803B32F51634F53B7DAADDEF129935D','6F89F6197EE94055B680A61CB5B40111','XB','XB','STRING','COL',null,null,'性别','',5);
INSERT INTO "BIGDATA"."ANALYSE_NODE_OUTPUT_COL"("OID","OUTPUT_ID","NAME","VALUE","TYPE","OUTPUT_TYPE","AXIS","GROUP_TYPE","CAPTION","DESCRIPTION","SORT") VALUES('F8257B25B51542C18AE7FE0BCA47D6F5','AE2F1FEE0D6B49F2AE3120EB486D403B','XM','XM','STRING','COL',null,null,'姓名','',3);
INSERT INTO "BIGDATA"."ANALYSE_NODE_OUTPUT_COL"("OID","OUTPUT_ID","NAME","VALUE","TYPE","OUTPUT_TYPE","AXIS","GROUP_TYPE","CAPTION","DESCRIPTION","SORT") VALUES('F89E6B3994D04041B2B507DA60B9E3FB','FC6A4EB7272743578104453E219788E0','NL','NL','INTEGER','COL',null,null,'年龄','',8);
INSERT INTO "BIGDATA"."ANALYSE_NODE_OUTPUT_COL"("OID","OUTPUT_ID","NAME","VALUE","TYPE","OUTPUT_TYPE","AXIS","GROUP_TYPE","CAPTION","DESCRIPTION","SORT") VALUES('FA5C297A187D458F9319343AE1C03586','1C17F5150767447CAC136DCB04941B63','SFZH','SFZH','STRING','COL',null,null,'身份证号','',5);
INSERT INTO "BIGDATA"."ANALYSE_NODE_OUTPUT_COL"("OID","OUTPUT_ID","NAME","VALUE","TYPE","OUTPUT_TYPE","AXIS","GROUP_TYPE","CAPTION","DESCRIPTION","SORT") VALUES('FBECE16E924B4C30A7CE10D511C56BF0','D1C71C7F93C6466E81A5BC7E67052B25','SSDQMC','SSDQMC','STRING','COL',null,null,'所属地区名称','',2);
INSERT INTO "BIGDATA"."ANALYSE_NODE_OUTPUT_COL"("OID","OUTPUT_ID","NAME","VALUE","TYPE","OUTPUT_TYPE","AXIS","GROUP_TYPE","CAPTION","DESCRIPTION","SORT") VALUES('FF3ECE67A43B4F76A0532E5672888401','D09AFC9B9C5748F19067E30CBC17356C','XB','IN1.XB','STRING','COL',null,null,'性别','',5);

INSERT INTO "BIGDATA"."DATASOURCE_DATACOLUMN"("OID","DATASET_ID","NAME","CAPTION","CODE","DESCRIPTION","COLUMN_TYPE","COLUMN_LENGTH","COLUMN_SCALE","DEFAULT_VALUE","NULLABLE","JDBC_TYPE","JAVA_TYPE","IS_IDENTITY","IDENTITY_SEED","IDENTITY_INCR","DEGREE","IS_PUBLIC","DICT_ID","STANDARD_COLUMN_ID","CREATOR","CREATE_TIME","MODIFIER","MODIFY_TIME","OWNER","OWN_TIME","VERSION_MAJOR","VERSION_MINOR","RESERVED1","RESERVED2","SORT_NO") VALUES('1542094610376','1542094610375','SSDQDM','所属地区代码','SSDQDM','所属地区代码','VARCHAR',64,0,null,1,12,'STRING',0,0,0,0,0,null,null,'superadmin','2018-11-13 15:36:50.370000',null,null,null,null,1,0,null,null,1);
INSERT INTO "BIGDATA"."DATASOURCE_DATACOLUMN"("OID","DATASET_ID","NAME","CAPTION","CODE","DESCRIPTION","COLUMN_TYPE","COLUMN_LENGTH","COLUMN_SCALE","DEFAULT_VALUE","NULLABLE","JDBC_TYPE","JAVA_TYPE","IS_IDENTITY","IDENTITY_SEED","IDENTITY_INCR","DEGREE","IS_PUBLIC","DICT_ID","STANDARD_COLUMN_ID","CREATOR","CREATE_TIME","MODIFIER","MODIFY_TIME","OWNER","OWN_TIME","VERSION_MAJOR","VERSION_MINOR","RESERVED1","RESERVED2","SORT_NO") VALUES('1542094610377','1542094610375','SBJBJGMC','社保经办机构名称','SBJBJGMC','社保经办机构名称','VARCHAR',200,0,null,1,12,'STRING',0,0,0,0,0,null,null,'superadmin','2018-11-13 15:36:50.370000',null,null,null,null,1,0,null,null,2);
INSERT INTO "BIGDATA"."DATASOURCE_DATACOLUMN"("OID","DATASET_ID","NAME","CAPTION","CODE","DESCRIPTION","COLUMN_TYPE","COLUMN_LENGTH","COLUMN_SCALE","DEFAULT_VALUE","NULLABLE","JDBC_TYPE","JAVA_TYPE","IS_IDENTITY","IDENTITY_SEED","IDENTITY_INCR","DEGREE","IS_PUBLIC","DICT_ID","STANDARD_COLUMN_ID","CREATOR","CREATE_TIME","MODIFIER","MODIFY_TIME","OWNER","OWN_TIME","VERSION_MAJOR","VERSION_MINOR","RESERVED1","RESERVED2","SORT_NO") VALUES('1542094610378','1542094610375','CBGRBH','参保个人编号','CBGRBH','参保个人编号','VARCHAR',200,0,null,1,12,'STRING',0,0,0,0,0,null,null,'superadmin','2018-11-13 15:36:50.370000',null,null,null,null,1,0,null,null,3);
INSERT INTO "BIGDATA"."DATASOURCE_DATACOLUMN"("OID","DATASET_ID","NAME","CAPTION","CODE","DESCRIPTION","COLUMN_TYPE","COLUMN_LENGTH","COLUMN_SCALE","DEFAULT_VALUE","NULLABLE","JDBC_TYPE","JAVA_TYPE","IS_IDENTITY","IDENTITY_SEED","IDENTITY_INCR","DEGREE","IS_PUBLIC","DICT_ID","STANDARD_COLUMN_ID","CREATOR","CREATE_TIME","MODIFIER","MODIFY_TIME","OWNER","OWN_TIME","VERSION_MAJOR","VERSION_MINOR","RESERVED1","RESERVED2","SORT_NO") VALUES('1542094610379','1542094610375','CBDWBH','参保单位编号','CBDWBH','参保单位编号','VARCHAR',200,0,null,1,12,'STRING',0,0,0,0,0,null,null,'superadmin','2018-11-13 15:36:50.370000',null,null,null,null,1,0,null,null,4);
INSERT INTO "BIGDATA"."DATASOURCE_DATACOLUMN"("OID","DATASET_ID","NAME","CAPTION","CODE","DESCRIPTION","COLUMN_TYPE","COLUMN_LENGTH","COLUMN_SCALE","DEFAULT_VALUE","NULLABLE","JDBC_TYPE","JAVA_TYPE","IS_IDENTITY","IDENTITY_SEED","IDENTITY_INCR","DEGREE","IS_PUBLIC","DICT_ID","STANDARD_COLUMN_ID","CREATOR","CREATE_TIME","MODIFIER","MODIFY_TIME","OWNER","OWN_TIME","VERSION_MAJOR","VERSION_MINOR","RESERVED1","RESERVED2","SORT_NO") VALUES('1542094610380','1542094610375','SFZH','身份证号','SFZH','身份证号','VARCHAR',64,0,null,1,12,'STRING',0,0,0,0,0,null,null,'superadmin','2018-11-13 15:36:50.370000',null,null,null,null,1,0,null,null,5);
INSERT INTO "BIGDATA"."DATASOURCE_DATACOLUMN"("OID","DATASET_ID","NAME","CAPTION","CODE","DESCRIPTION","COLUMN_TYPE","COLUMN_LENGTH","COLUMN_SCALE","DEFAULT_VALUE","NULLABLE","JDBC_TYPE","JAVA_TYPE","IS_IDENTITY","IDENTITY_SEED","IDENTITY_INCR","DEGREE","IS_PUBLIC","DICT_ID","STANDARD_COLUMN_ID","CREATOR","CREATE_TIME","MODIFIER","MODIFY_TIME","OWNER","OWN_TIME","VERSION_MAJOR","VERSION_MINOR","RESERVED1","RESERVED2","SORT_NO") VALUES('1542094610381','1542094610375','XM','姓名','XM','姓名','VARCHAR',200,0,null,1,12,'STRING',0,0,0,0,0,null,null,'superadmin','2018-11-13 15:36:50.370000',null,null,null,null,1,0,null,null,6);
INSERT INTO "BIGDATA"."DATASOURCE_DATACOLUMN"("OID","DATASET_ID","NAME","CAPTION","CODE","DESCRIPTION","COLUMN_TYPE","COLUMN_LENGTH","COLUMN_SCALE","DEFAULT_VALUE","NULLABLE","JDBC_TYPE","JAVA_TYPE","IS_IDENTITY","IDENTITY_SEED","IDENTITY_INCR","DEGREE","IS_PUBLIC","DICT_ID","STANDARD_COLUMN_ID","CREATOR","CREATE_TIME","MODIFIER","MODIFY_TIME","OWNER","OWN_TIME","VERSION_MAJOR","VERSION_MINOR","RESERVED1","RESERVED2","SORT_NO") VALUES('1542094610382','1542094610375','XB','性别','XB','性别','VARCHAR',64,0,null,1,12,'STRING',0,0,0,0,0,null,null,'superadmin','2018-11-13 15:36:50.370000',null,null,null,null,1,0,null,null,7);
INSERT INTO "BIGDATA"."DATASOURCE_DATACOLUMN"("OID","DATASET_ID","NAME","CAPTION","CODE","DESCRIPTION","COLUMN_TYPE","COLUMN_LENGTH","COLUMN_SCALE","DEFAULT_VALUE","NULLABLE","JDBC_TYPE","JAVA_TYPE","IS_IDENTITY","IDENTITY_SEED","IDENTITY_INCR","DEGREE","IS_PUBLIC","DICT_ID","STANDARD_COLUMN_ID","CREATOR","CREATE_TIME","MODIFIER","MODIFY_TIME","OWNER","OWN_TIME","VERSION_MAJOR","VERSION_MINOR","RESERVED1","RESERVED2","SORT_NO") VALUES('1542094610383','1542094610375','POSFZH','配偶身份证号','POSFZH','配偶身份证号','VARCHAR',64,0,null,1,12,'STRING',0,0,0,0,0,null,null,'superadmin','2018-11-13 15:36:50.370000',null,null,null,null,1,0,null,null,8);
INSERT INTO "BIGDATA"."DATASOURCE_DATACOLUMN"("OID","DATASET_ID","NAME","CAPTION","CODE","DESCRIPTION","COLUMN_TYPE","COLUMN_LENGTH","COLUMN_SCALE","DEFAULT_VALUE","NULLABLE","JDBC_TYPE","JAVA_TYPE","IS_IDENTITY","IDENTITY_SEED","IDENTITY_INCR","DEGREE","IS_PUBLIC","DICT_ID","STANDARD_COLUMN_ID","CREATOR","CREATE_TIME","MODIFIER","MODIFY_TIME","OWNER","OWN_TIME","VERSION_MAJOR","VERSION_MINOR","RESERVED1","RESERVED2","SORT_NO") VALUES('1542094610384','1542094610375','POXM','配偶姓名','POXM','配偶姓名','VARCHAR',200,0,null,1,12,'STRING',0,0,0,0,0,null,null,'superadmin','2018-11-13 15:36:50.370000',null,null,null,null,1,0,null,null,9);
INSERT INTO "BIGDATA"."DATASOURCE_DATACOLUMN"("OID","DATASET_ID","NAME","CAPTION","CODE","DESCRIPTION","COLUMN_TYPE","COLUMN_LENGTH","COLUMN_SCALE","DEFAULT_VALUE","NULLABLE","JDBC_TYPE","JAVA_TYPE","IS_IDENTITY","IDENTITY_SEED","IDENTITY_INCR","DEGREE","IS_PUBLIC","DICT_ID","STANDARD_COLUMN_ID","CREATOR","CREATE_TIME","MODIFIER","MODIFY_TIME","OWNER","OWN_TIME","VERSION_MAJOR","VERSION_MINOR","RESERVED1","RESERVED2","SORT_NO") VALUES('1542094610385','1542094610375','CSRQ','出生日期','CSRQ','出生日期','VARCHAR',64,0,null,1,12,'STRING',0,0,0,0,0,null,null,'superadmin','2018-11-13 15:36:50.370000',null,null,null,null,1,0,null,null,10);
INSERT INTO "BIGDATA"."DATASOURCE_DATACOLUMN"("OID","DATASET_ID","NAME","CAPTION","CODE","DESCRIPTION","COLUMN_TYPE","COLUMN_LENGTH","COLUMN_SCALE","DEFAULT_VALUE","NULLABLE","JDBC_TYPE","JAVA_TYPE","IS_IDENTITY","IDENTITY_SEED","IDENTITY_INCR","DEGREE","IS_PUBLIC","DICT_ID","STANDARD_COLUMN_ID","CREATOR","CREATE_TIME","MODIFIER","MODIFY_TIME","OWNER","OWN_TIME","VERSION_MAJOR","VERSION_MINOR","RESERVED1","RESERVED2","SORT_NO") VALUES('1542094610386','1542094610375','CJGZRQ','参加工作日期','CJGZRQ','参加工作日期','VARCHAR',64,0,null,1,12,'STRING',0,0,0,0,0,null,null,'superadmin','2018-11-13 15:36:50.370000',null,null,null,null,1,0,null,null,11);
INSERT INTO "BIGDATA"."DATASOURCE_DATACOLUMN"("OID","DATASET_ID","NAME","CAPTION","CODE","DESCRIPTION","COLUMN_TYPE","COLUMN_LENGTH","COLUMN_SCALE","DEFAULT_VALUE","NULLABLE","JDBC_TYPE","JAVA_TYPE","IS_IDENTITY","IDENTITY_SEED","IDENTITY_INCR","DEGREE","IS_PUBLIC","DICT_ID","STANDARD_COLUMN_ID","CREATOR","CREATE_TIME","MODIFIER","MODIFY_TIME","OWNER","OWN_TIME","VERSION_MAJOR","VERSION_MINOR","RESERVED1","RESERVED2","SORT_NO") VALUES('1542094610387','1542094610375','RYZT','人员状态','RYZT','人员状态','VARCHAR',64,0,null,1,12,'STRING',0,0,0,0,0,null,null,'superadmin','2018-11-13 15:36:50.370000',null,null,null,null,1,0,null,null,12);
INSERT INTO "BIGDATA"."DATASOURCE_DATACOLUMN"("OID","DATASET_ID","NAME","CAPTION","CODE","DESCRIPTION","COLUMN_TYPE","COLUMN_LENGTH","COLUMN_SCALE","DEFAULT_VALUE","NULLABLE","JDBC_TYPE","JAVA_TYPE","IS_IDENTITY","IDENTITY_SEED","IDENTITY_INCR","DEGREE","IS_PUBLIC","DICT_ID","STANDARD_COLUMN_ID","CREATOR","CREATE_TIME","MODIFIER","MODIFY_TIME","OWNER","OWN_TIME","VERSION_MAJOR","VERSION_MINOR","RESERVED1","RESERVED2","SORT_NO") VALUES('1542094610388','1542094610375','CBRQ','参保日期','CBRQ','参保日期','VARCHAR',64,0,null,1,12,'STRING',0,0,0,0,0,null,null,'superadmin','2018-11-13 15:36:50.370000',null,null,null,null,1,0,null,null,13);
INSERT INTO "BIGDATA"."DATASOURCE_DATACOLUMN"("OID","DATASET_ID","NAME","CAPTION","CODE","DESCRIPTION","COLUMN_TYPE","COLUMN_LENGTH","COLUMN_SCALE","DEFAULT_VALUE","NULLABLE","JDBC_TYPE","JAVA_TYPE","IS_IDENTITY","IDENTITY_SEED","IDENTITY_INCR","DEGREE","IS_PUBLIC","DICT_ID","STANDARD_COLUMN_ID","CREATOR","CREATE_TIME","MODIFIER","MODIFY_TIME","OWNER","OWN_TIME","VERSION_MAJOR","VERSION_MINOR","RESERVED1","RESERVED2","SORT_NO") VALUES('1542094610389','1542094610375','TXRQ','退休日期','TXRQ','退休日期','VARCHAR',64,0,null,1,12,'STRING',0,0,0,0,0,null,null,'superadmin','2018-11-13 15:36:50.370000',null,null,null,null,1,0,null,null,14);
INSERT INTO "BIGDATA"."DATASOURCE_DATACOLUMN"("OID","DATASET_ID","NAME","CAPTION","CODE","DESCRIPTION","COLUMN_TYPE","COLUMN_LENGTH","COLUMN_SCALE","DEFAULT_VALUE","NULLABLE","JDBC_TYPE","JAVA_TYPE","IS_IDENTITY","IDENTITY_SEED","IDENTITY_INCR","DEGREE","IS_PUBLIC","DICT_ID","STANDARD_COLUMN_ID","CREATOR","CREATE_TIME","MODIFIER","MODIFY_TIME","OWNER","OWN_TIME","VERSION_MAJOR","VERSION_MINOR","RESERVED1","RESERVED2","SORT_NO") VALUES('1542094610390','1542094610375','CBZT','参保状态','CBZT','参保状态','VARCHAR',64,0,null,1,12,'STRING',0,0,0,0,0,null,null,'superadmin','2018-11-13 15:36:50.370000',null,null,null,null,1,0,null,null,15);
INSERT INTO "BIGDATA"."DATASOURCE_DATACOLUMN"("OID","DATASET_ID","NAME","CAPTION","CODE","DESCRIPTION","COLUMN_TYPE","COLUMN_LENGTH","COLUMN_SCALE","DEFAULT_VALUE","NULLABLE","JDBC_TYPE","JAVA_TYPE","IS_IDENTITY","IDENTITY_SEED","IDENTITY_INCR","DEGREE","IS_PUBLIC","DICT_ID","STANDARD_COLUMN_ID","CREATOR","CREATE_TIME","MODIFIER","MODIFY_TIME","OWNER","OWN_TIME","VERSION_MAJOR","VERSION_MINOR","RESERVED1","RESERVED2","SORT_NO") VALUES('1542094610391','1542094610375','SHBZKH','社会保障卡号','SHBZKH','社会保障卡号','VARCHAR',200,0,null,1,12,'STRING',0,0,0,0,0,null,null,'superadmin','2018-11-13 15:36:50.370000',null,null,null,null,1,0,null,null,16);
INSERT INTO "BIGDATA"."DATASOURCE_DATACOLUMN"("OID","DATASET_ID","NAME","CAPTION","CODE","DESCRIPTION","COLUMN_TYPE","COLUMN_LENGTH","COLUMN_SCALE","DEFAULT_VALUE","NULLABLE","JDBC_TYPE","JAVA_TYPE","IS_IDENTITY","IDENTITY_SEED","IDENTITY_INCR","DEGREE","IS_PUBLIC","DICT_ID","STANDARD_COLUMN_ID","CREATOR","CREATE_TIME","MODIFIER","MODIFY_TIME","OWNER","OWN_TIME","VERSION_MAJOR","VERSION_MINOR","RESERVED1","RESERVED2","SORT_NO") VALUES('1542094610392','1542094610375','SWRQ','死亡日期','SWRQ','死亡日期','VARCHAR',64,0,null,1,12,'STRING',0,0,0,0,0,null,null,'superadmin','2018-11-13 15:36:50.370000',null,null,null,null,1,0,null,null,17);
INSERT INTO "BIGDATA"."DATASOURCE_DATACOLUMN"("OID","DATASET_ID","NAME","CAPTION","CODE","DESCRIPTION","COLUMN_TYPE","COLUMN_LENGTH","COLUMN_SCALE","DEFAULT_VALUE","NULLABLE","JDBC_TYPE","JAVA_TYPE","IS_IDENTITY","IDENTITY_SEED","IDENTITY_INCR","DEGREE","IS_PUBLIC","DICT_ID","STANDARD_COLUMN_ID","CREATOR","CREATE_TIME","MODIFIER","MODIFY_TIME","OWNER","OWN_TIME","VERSION_MAJOR","VERSION_MINOR","RESERVED1","RESERVED2","SORT_NO") VALUES('1542094610397','1542094610396','SSDQDM','所属地区代码','SSDQDM','所属地区代码','VARCHAR',64,0,null,1,12,'STRING',0,0,0,0,0,null,null,'superadmin','2018-11-13 15:36:50.373000',null,null,null,null,1,0,null,null,1);
INSERT INTO "BIGDATA"."DATASOURCE_DATACOLUMN"("OID","DATASET_ID","NAME","CAPTION","CODE","DESCRIPTION","COLUMN_TYPE","COLUMN_LENGTH","COLUMN_SCALE","DEFAULT_VALUE","NULLABLE","JDBC_TYPE","JAVA_TYPE","IS_IDENTITY","IDENTITY_SEED","IDENTITY_INCR","DEGREE","IS_PUBLIC","DICT_ID","STANDARD_COLUMN_ID","CREATOR","CREATE_TIME","MODIFIER","MODIFY_TIME","OWNER","OWN_TIME","VERSION_MAJOR","VERSION_MINOR","RESERVED1","RESERVED2","SORT_NO") VALUES('1542094610398','1542094610396','SSDQMC','所属地区名称','SSDQMC','所属地区名称','VARCHAR',200,0,null,1,12,'STRING',0,0,0,0,0,null,null,'superadmin','2018-11-13 15:36:50.373000',null,null,null,null,1,0,null,null,2);
INSERT INTO "BIGDATA"."DATASOURCE_DATACOLUMN"("OID","DATASET_ID","NAME","CAPTION","CODE","DESCRIPTION","COLUMN_TYPE","COLUMN_LENGTH","COLUMN_SCALE","DEFAULT_VALUE","NULLABLE","JDBC_TYPE","JAVA_TYPE","IS_IDENTITY","IDENTITY_SEED","IDENTITY_INCR","DEGREE","IS_PUBLIC","DICT_ID","STANDARD_COLUMN_ID","CREATOR","CREATE_TIME","MODIFIER","MODIFY_TIME","OWNER","OWN_TIME","VERSION_MAJOR","VERSION_MINOR","RESERVED1","RESERVED2","SORT_NO") VALUES('1542094610399','1542094610396','BXLX','保险类型','BXLX','保险类型','VARCHAR',200,0,null,1,12,'STRING',0,0,0,0,0,null,null,'superadmin','2018-11-13 15:36:50.373000',null,null,null,null,1,0,null,null,3);
INSERT INTO "BIGDATA"."DATASOURCE_DATACOLUMN"("OID","DATASET_ID","NAME","CAPTION","CODE","DESCRIPTION","COLUMN_TYPE","COLUMN_LENGTH","COLUMN_SCALE","DEFAULT_VALUE","NULLABLE","JDBC_TYPE","JAVA_TYPE","IS_IDENTITY","IDENTITY_SEED","IDENTITY_INCR","DEGREE","IS_PUBLIC","DICT_ID","STANDARD_COLUMN_ID","CREATOR","CREATE_TIME","MODIFIER","MODIFY_TIME","OWNER","OWN_TIME","VERSION_MAJOR","VERSION_MINOR","RESERVED1","RESERVED2","SORT_NO") VALUES('1542094610400','1542094610396','XZMC','乡镇名称','XZMC','乡镇名称','VARCHAR',200,0,null,1,12,'STRING',0,0,0,0,0,null,null,'superadmin','2018-11-13 15:36:50.373000',null,null,null,null,1,0,null,null,4);
INSERT INTO "BIGDATA"."DATASOURCE_DATACOLUMN"("OID","DATASET_ID","NAME","CAPTION","CODE","DESCRIPTION","COLUMN_TYPE","COLUMN_LENGTH","COLUMN_SCALE","DEFAULT_VALUE","NULLABLE","JDBC_TYPE","JAVA_TYPE","IS_IDENTITY","IDENTITY_SEED","IDENTITY_INCR","DEGREE","IS_PUBLIC","DICT_ID","STANDARD_COLUMN_ID","CREATOR","CREATE_TIME","MODIFIER","MODIFY_TIME","OWNER","OWN_TIME","VERSION_MAJOR","VERSION_MINOR","RESERVED1","RESERVED2","SORT_NO") VALUES('1542094610401','1542094610396','CMCHDWMCHDZ','村名称或单位名称或地址','CMCHDWMCHDZ','村名称或单位名称或地址','VARCHAR',200,0,null,1,12,'STRING',0,0,0,0,0,null,null,'superadmin','2018-11-13 15:36:50.373000',null,null,null,null,1,0,null,null,5);
INSERT INTO "BIGDATA"."DATASOURCE_DATACOLUMN"("OID","DATASET_ID","NAME","CAPTION","CODE","DESCRIPTION","COLUMN_TYPE","COLUMN_LENGTH","COLUMN_SCALE","DEFAULT_VALUE","NULLABLE","JDBC_TYPE","JAVA_TYPE","IS_IDENTITY","IDENTITY_SEED","IDENTITY_INCR","DEGREE","IS_PUBLIC","DICT_ID","STANDARD_COLUMN_ID","CREATOR","CREATE_TIME","MODIFIER","MODIFY_TIME","OWNER","OWN_TIME","VERSION_MAJOR","VERSION_MINOR","RESERVED1","RESERVED2","SORT_NO") VALUES('1542094610402','1542094610396','XM','姓名','XM','姓名','VARCHAR',200,0,null,1,12,'STRING',0,0,0,0,0,null,null,'superadmin','2018-11-13 15:36:50.373000',null,null,null,null,1,0,null,null,6);
INSERT INTO "BIGDATA"."DATASOURCE_DATACOLUMN"("OID","DATASET_ID","NAME","CAPTION","CODE","DESCRIPTION","COLUMN_TYPE","COLUMN_LENGTH","COLUMN_SCALE","DEFAULT_VALUE","NULLABLE","JDBC_TYPE","JAVA_TYPE","IS_IDENTITY","IDENTITY_SEED","IDENTITY_INCR","DEGREE","IS_PUBLIC","DICT_ID","STANDARD_COLUMN_ID","CREATOR","CREATE_TIME","MODIFIER","MODIFY_TIME","OWNER","OWN_TIME","VERSION_MAJOR","VERSION_MINOR","RESERVED1","RESERVED2","SORT_NO") VALUES('1542094610403','1542094610396','GMSFHM','公民身份号码','GMSFHM','公民身份号码','VARCHAR',64,0,null,1,12,'STRING',0,0,0,0,0,null,null,'superadmin','2018-11-13 15:36:50.373000',null,null,null,null,1,0,null,null,7);
INSERT INTO "BIGDATA"."DATASOURCE_DATACOLUMN"("OID","DATASET_ID","NAME","CAPTION","CODE","DESCRIPTION","COLUMN_TYPE","COLUMN_LENGTH","COLUMN_SCALE","DEFAULT_VALUE","NULLABLE","JDBC_TYPE","JAVA_TYPE","IS_IDENTITY","IDENTITY_SEED","IDENTITY_INCR","DEGREE","IS_PUBLIC","DICT_ID","STANDARD_COLUMN_ID","CREATOR","CREATE_TIME","MODIFIER","MODIFY_TIME","OWNER","OWN_TIME","VERSION_MAJOR","VERSION_MINOR","RESERVED1","RESERVED2","SORT_NO") VALUES('1542094610404','1542094610396','XB','性别','XB','性别','VARCHAR',64,0,null,1,12,'STRING',0,0,0,0,0,null,null,'superadmin','2018-11-13 15:36:50.373000',null,null,null,null,1,0,null,null,8);
INSERT INTO "BIGDATA"."DATASOURCE_DATACOLUMN"("OID","DATASET_ID","NAME","CAPTION","CODE","DESCRIPTION","COLUMN_TYPE","COLUMN_LENGTH","COLUMN_SCALE","DEFAULT_VALUE","NULLABLE","JDBC_TYPE","JAVA_TYPE","IS_IDENTITY","IDENTITY_SEED","IDENTITY_INCR","DEGREE","IS_PUBLIC","DICT_ID","STANDARD_COLUMN_ID","CREATOR","CREATE_TIME","MODIFIER","MODIFY_TIME","OWNER","OWN_TIME","VERSION_MAJOR","VERSION_MINOR","RESERVED1","RESERVED2","SORT_NO") VALUES('1542094610405','1542094610396','DYZZSJSWRQ','待遇终止时间死亡日期','DYZZSJSWRQ','待遇终止时间死亡日期','DATETIME',8,6,null,1,93,'DATETIME',0,0,0,0,0,null,null,'superadmin','2018-11-13 15:36:50.373000',null,null,null,null,1,0,null,null,9);
INSERT INTO "BIGDATA"."DATASOURCE_DATACOLUMN"("OID","DATASET_ID","NAME","CAPTION","CODE","DESCRIPTION","COLUMN_TYPE","COLUMN_LENGTH","COLUMN_SCALE","DEFAULT_VALUE","NULLABLE","JDBC_TYPE","JAVA_TYPE","IS_IDENTITY","IDENTITY_SEED","IDENTITY_INCR","DEGREE","IS_PUBLIC","DICT_ID","STANDARD_COLUMN_ID","CREATOR","CREATE_TIME","MODIFIER","MODIFY_TIME","OWNER","OWN_TIME","VERSION_MAJOR","VERSION_MINOR","RESERVED1","RESERVED2","SORT_NO") VALUES('1542094610408','1542094610407','SSDQDM','所属地区代码','SSDQDM','所属地区代码','VARCHAR',64,0,null,1,12,'STRING',0,0,0,0,0,null,null,'superadmin','2018-11-13 15:36:50.376000',null,null,null,null,1,0,null,null,1);
INSERT INTO "BIGDATA"."DATASOURCE_DATACOLUMN"("OID","DATASET_ID","NAME","CAPTION","CODE","DESCRIPTION","COLUMN_TYPE","COLUMN_LENGTH","COLUMN_SCALE","DEFAULT_VALUE","NULLABLE","JDBC_TYPE","JAVA_TYPE","IS_IDENTITY","IDENTITY_SEED","IDENTITY_INCR","DEGREE","IS_PUBLIC","DICT_ID","STANDARD_COLUMN_ID","CREATOR","CREATE_TIME","MODIFIER","MODIFY_TIME","OWNER","OWN_TIME","VERSION_MAJOR","VERSION_MINOR","RESERVED1","RESERVED2","SORT_NO") VALUES('1542094610409','1542094610407','SBJBJGBM','社保经办机构编码','SBJBJGBM','社保经办机构编码','VARCHAR',64,0,null,1,12,'STRING',0,0,0,0,0,null,null,'superadmin','2018-11-13 15:36:50.376000',null,null,null,null,1,0,null,null,2);
INSERT INTO "BIGDATA"."DATASOURCE_DATACOLUMN"("OID","DATASET_ID","NAME","CAPTION","CODE","DESCRIPTION","COLUMN_TYPE","COLUMN_LENGTH","COLUMN_SCALE","DEFAULT_VALUE","NULLABLE","JDBC_TYPE","JAVA_TYPE","IS_IDENTITY","IDENTITY_SEED","IDENTITY_INCR","DEGREE","IS_PUBLIC","DICT_ID","STANDARD_COLUMN_ID","CREATOR","CREATE_TIME","MODIFIER","MODIFY_TIME","OWNER","OWN_TIME","VERSION_MAJOR","VERSION_MINOR","RESERVED1","RESERVED2","SORT_NO") VALUES('1542094610410','1542094610407','CBDWBH','参保单位编号','CBDWBH','参保单位编号','VARCHAR',200,0,null,1,12,'STRING',0,0,0,0,0,null,null,'superadmin','2018-11-13 15:36:50.376000',null,null,null,null,1,0,null,null,3);
INSERT INTO "BIGDATA"."DATASOURCE_DATACOLUMN"("OID","DATASET_ID","NAME","CAPTION","CODE","DESCRIPTION","COLUMN_TYPE","COLUMN_LENGTH","COLUMN_SCALE","DEFAULT_VALUE","NULLABLE","JDBC_TYPE","JAVA_TYPE","IS_IDENTITY","IDENTITY_SEED","IDENTITY_INCR","DEGREE","IS_PUBLIC","DICT_ID","STANDARD_COLUMN_ID","CREATOR","CREATE_TIME","MODIFIER","MODIFY_TIME","OWNER","OWN_TIME","VERSION_MAJOR","VERSION_MINOR","RESERVED1","RESERVED2","SORT_NO") VALUES('1542094610411','1542094610407','CBGRBH','参保个人编号','CBGRBH','参保个人编号','VARCHAR',200,0,null,1,12,'STRING',0,0,0,0,0,null,null,'superadmin','2018-11-13 15:36:50.376000',null,null,null,null,1,0,null,null,4);
INSERT INTO "BIGDATA"."DATASOURCE_DATACOLUMN"("OID","DATASET_ID","NAME","CAPTION","CODE","DESCRIPTION","COLUMN_TYPE","COLUMN_LENGTH","COLUMN_SCALE","DEFAULT_VALUE","NULLABLE","JDBC_TYPE","JAVA_TYPE","IS_IDENTITY","IDENTITY_SEED","IDENTITY_INCR","DEGREE","IS_PUBLIC","DICT_ID","STANDARD_COLUMN_ID","CREATOR","CREATE_TIME","MODIFIER","MODIFY_TIME","OWNER","OWN_TIME","VERSION_MAJOR","VERSION_MINOR","RESERVED1","RESERVED2","SORT_NO") VALUES('1542094610412','1542094610407','TZNY','台账年月','TZNY','台账年月','VARCHAR',64,0,null,1,12,'STRING',0,0,0,0,0,null,null,'superadmin','2018-11-13 15:36:50.376000',null,null,null,null,1,0,null,null,5);
INSERT INTO "BIGDATA"."DATASOURCE_DATACOLUMN"("OID","DATASET_ID","NAME","CAPTION","CODE","DESCRIPTION","COLUMN_TYPE","COLUMN_LENGTH","COLUMN_SCALE","DEFAULT_VALUE","NULLABLE","JDBC_TYPE","JAVA_TYPE","IS_IDENTITY","IDENTITY_SEED","IDENTITY_INCR","DEGREE","IS_PUBLIC","DICT_ID","STANDARD_COLUMN_ID","CREATOR","CREATE_TIME","MODIFIER","MODIFY_TIME","OWNER","OWN_TIME","VERSION_MAJOR","VERSION_MINOR","RESERVED1","RESERVED2","SORT_NO") VALUES('1542094610413','1542094610407','FKSSQ','费款所属期','FKSSQ','费款所属期','DATETIME',8,6,null,1,93,'DATETIME',0,0,0,0,0,null,null,'superadmin','2018-11-13 15:36:50.376000',null,null,null,null,1,0,null,null,6);
INSERT INTO "BIGDATA"."DATASOURCE_DATACOLUMN"("OID","DATASET_ID","NAME","CAPTION","CODE","DESCRIPTION","COLUMN_TYPE","COLUMN_LENGTH","COLUMN_SCALE","DEFAULT_VALUE","NULLABLE","JDBC_TYPE","JAVA_TYPE","IS_IDENTITY","IDENTITY_SEED","IDENTITY_INCR","DEGREE","IS_PUBLIC","DICT_ID","STANDARD_COLUMN_ID","CREATOR","CREATE_TIME","MODIFIER","MODIFY_TIME","OWNER","OWN_TIME","VERSION_MAJOR","VERSION_MINOR","RESERVED1","RESERVED2","SORT_NO") VALUES('1542094610414','1542094610407','XZM','险种码','XZM','险种码','VARCHAR',64,0,null,1,12,'STRING',0,0,0,0,0,null,null,'superadmin','2018-11-13 15:36:50.376000',null,null,null,null,1,0,null,null,7);
INSERT INTO "BIGDATA"."DATASOURCE_DATACOLUMN"("OID","DATASET_ID","NAME","CAPTION","CODE","DESCRIPTION","COLUMN_TYPE","COLUMN_LENGTH","COLUMN_SCALE","DEFAULT_VALUE","NULLABLE","JDBC_TYPE","JAVA_TYPE","IS_IDENTITY","IDENTITY_SEED","IDENTITY_INCR","DEGREE","IS_PUBLIC","DICT_ID","STANDARD_COLUMN_ID","CREATOR","CREATE_TIME","MODIFIER","MODIFY_TIME","OWNER","OWN_TIME","VERSION_MAJOR","VERSION_MINOR","RESERVED1","RESERVED2","SORT_NO") VALUES('1542094610415','1542094610407','JFLX','缴费类型','JFLX','缴费类型','VARCHAR',64,0,null,1,12,'STRING',0,0,0,0,0,null,null,'superadmin','2018-11-13 15:36:50.376000',null,null,null,null,1,0,null,null,8);
INSERT INTO "BIGDATA"."DATASOURCE_DATACOLUMN"("OID","DATASET_ID","NAME","CAPTION","CODE","DESCRIPTION","COLUMN_TYPE","COLUMN_LENGTH","COLUMN_SCALE","DEFAULT_VALUE","NULLABLE","JDBC_TYPE","JAVA_TYPE","IS_IDENTITY","IDENTITY_SEED","IDENTITY_INCR","DEGREE","IS_PUBLIC","DICT_ID","STANDARD_COLUMN_ID","CREATOR","CREATE_TIME","MODIFIER","MODIFY_TIME","OWNER","OWN_TIME","VERSION_MAJOR","VERSION_MINOR","RESERVED1","RESERVED2","SORT_NO") VALUES('1542094610416','1542094610407','RYZT','人员状态','RYZT','人员状态','VARCHAR',64,0,null,1,12,'STRING',0,0,0,0,0,null,null,'superadmin','2018-11-13 15:36:50.376000',null,null,null,null,1,0,null,null,9);
INSERT INTO "BIGDATA"."DATASOURCE_DATACOLUMN"("OID","DATASET_ID","NAME","CAPTION","CODE","DESCRIPTION","COLUMN_TYPE","COLUMN_LENGTH","COLUMN_SCALE","DEFAULT_VALUE","NULLABLE","JDBC_TYPE","JAVA_TYPE","IS_IDENTITY","IDENTITY_SEED","IDENTITY_INCR","DEGREE","IS_PUBLIC","DICT_ID","STANDARD_COLUMN_ID","CREATOR","CREATE_TIME","MODIFIER","MODIFY_TIME","OWNER","OWN_TIME","VERSION_MAJOR","VERSION_MINOR","RESERVED1","RESERVED2","SORT_NO") VALUES('1542094610418','1542094610407','YLBXGRJFJS','医疗保险个人缴费基数','YLBXGRJFJS','医疗保险个人缴费基数','NUMERIC',38,2,null,1,2,'DECIMAL',0,0,0,0,0,null,null,'superadmin','2018-11-13 15:36:50.376000',null,null,null,null,1,0,null,null,10);
INSERT INTO "BIGDATA"."DATASOURCE_DATACOLUMN"("OID","DATASET_ID","NAME","CAPTION","CODE","DESCRIPTION","COLUMN_TYPE","COLUMN_LENGTH","COLUMN_SCALE","DEFAULT_VALUE","NULLABLE","JDBC_TYPE","JAVA_TYPE","IS_IDENTITY","IDENTITY_SEED","IDENTITY_INCR","DEGREE","IS_PUBLIC","DICT_ID","STANDARD_COLUMN_ID","CREATOR","CREATE_TIME","MODIFIER","MODIFY_TIME","OWNER","OWN_TIME","VERSION_MAJOR","VERSION_MINOR","RESERVED1","RESERVED2","SORT_NO") VALUES('1542094610419','1542094610407','GRJFJE','个人缴费金额','GRJFJE','个人缴费金额','NUMERIC',38,2,null,1,2,'DECIMAL',0,0,0,0,0,null,null,'superadmin','2018-11-13 15:36:50.376000',null,null,null,null,1,0,null,null,11);
INSERT INTO "BIGDATA"."DATASOURCE_DATACOLUMN"("OID","DATASET_ID","NAME","CAPTION","CODE","DESCRIPTION","COLUMN_TYPE","COLUMN_LENGTH","COLUMN_SCALE","DEFAULT_VALUE","NULLABLE","JDBC_TYPE","JAVA_TYPE","IS_IDENTITY","IDENTITY_SEED","IDENTITY_INCR","DEGREE","IS_PUBLIC","DICT_ID","STANDARD_COLUMN_ID","CREATOR","CREATE_TIME","MODIFIER","MODIFY_TIME","OWNER","OWN_TIME","VERSION_MAJOR","VERSION_MINOR","RESERVED1","RESERVED2","SORT_NO") VALUES('1542094610420','1542094610407','DWJFHRZHJE','单位缴费划入账户金额','DWJFHRZHJE','单位缴费划入账户金额','NUMERIC',38,2,null,1,2,'DECIMAL',0,0,0,0,0,null,null,'superadmin','2018-11-13 15:36:50.376000',null,null,null,null,1,0,null,null,12);
INSERT INTO "BIGDATA"."DATASOURCE_DATACOLUMN"("OID","DATASET_ID","NAME","CAPTION","CODE","DESCRIPTION","COLUMN_TYPE","COLUMN_LENGTH","COLUMN_SCALE","DEFAULT_VALUE","NULLABLE","JDBC_TYPE","JAVA_TYPE","IS_IDENTITY","IDENTITY_SEED","IDENTITY_INCR","DEGREE","IS_PUBLIC","DICT_ID","STANDARD_COLUMN_ID","CREATOR","CREATE_TIME","MODIFIER","MODIFY_TIME","OWNER","OWN_TIME","VERSION_MAJOR","VERSION_MINOR","RESERVED1","RESERVED2","SORT_NO") VALUES('1542094610421','1542094610407','DWJFHRTCJE','单位缴费划入统筹金额','DWJFHRTCJE','单位缴费划入统筹金额','NUMERIC',38,2,null,1,2,'DECIMAL',0,0,0,0,0,null,null,'superadmin','2018-11-13 15:36:50.376000',null,null,null,null,1,0,null,null,13);
INSERT INTO "BIGDATA"."DATASOURCE_DATACOLUMN"("OID","DATASET_ID","NAME","CAPTION","CODE","DESCRIPTION","COLUMN_TYPE","COLUMN_LENGTH","COLUMN_SCALE","DEFAULT_VALUE","NULLABLE","JDBC_TYPE","JAVA_TYPE","IS_IDENTITY","IDENTITY_SEED","IDENTITY_INCR","DEGREE","IS_PUBLIC","DICT_ID","STANDARD_COLUMN_ID","CREATOR","CREATE_TIME","MODIFIER","MODIFY_TIME","OWNER","OWN_TIME","VERSION_MAJOR","VERSION_MINOR","RESERVED1","RESERVED2","SORT_NO") VALUES('1542094610422','1542094610407','QTHRZHJE','其它划入账户金额','QTHRZHJE','其它划入账户金额','NUMERIC',38,2,null,1,2,'DECIMAL',0,0,0,0,0,null,null,'superadmin','2018-11-13 15:36:50.376000',null,null,null,null,1,0,null,null,14);
INSERT INTO "BIGDATA"."DATASOURCE_DATACOLUMN"("OID","DATASET_ID","NAME","CAPTION","CODE","DESCRIPTION","COLUMN_TYPE","COLUMN_LENGTH","COLUMN_SCALE","DEFAULT_VALUE","NULLABLE","JDBC_TYPE","JAVA_TYPE","IS_IDENTITY","IDENTITY_SEED","IDENTITY_INCR","DEGREE","IS_PUBLIC","DICT_ID","STANDARD_COLUMN_ID","CREATOR","CREATE_TIME","MODIFIER","MODIFY_TIME","OWNER","OWN_TIME","VERSION_MAJOR","VERSION_MINOR","RESERVED1","RESERVED2","SORT_NO") VALUES('1542094610423','1542094610407','QTHRTCJE','其它划入统筹金额','QTHRTCJE','其它划入统筹金额','NUMERIC',38,2,null,1,2,'DECIMAL',0,0,0,0,0,null,null,'superadmin','2018-11-13 15:36:50.376000',null,null,null,null,1,0,null,null,15);
INSERT INTO "BIGDATA"."DATASOURCE_DATACOLUMN"("OID","DATASET_ID","NAME","CAPTION","CODE","DESCRIPTION","COLUMN_TYPE","COLUMN_LENGTH","COLUMN_SCALE","DEFAULT_VALUE","NULLABLE","JDBC_TYPE","JAVA_TYPE","IS_IDENTITY","IDENTITY_SEED","IDENTITY_INCR","DEGREE","IS_PUBLIC","DICT_ID","STANDARD_COLUMN_ID","CREATOR","CREATE_TIME","MODIFIER","MODIFY_TIME","OWNER","OWN_TIME","VERSION_MAJOR","VERSION_MINOR","RESERVED1","RESERVED2","SORT_NO") VALUES('1542094610424','1542094610407','HRZHLX','划入账户利息','HRZHLX','划入账户利息','NUMERIC',38,2,null,1,2,'DECIMAL',0,0,0,0,0,null,null,'superadmin','2018-11-13 15:36:50.376000',null,null,null,null,1,0,null,null,16);
INSERT INTO "BIGDATA"."DATASOURCE_DATACOLUMN"("OID","DATASET_ID","NAME","CAPTION","CODE","DESCRIPTION","COLUMN_TYPE","COLUMN_LENGTH","COLUMN_SCALE","DEFAULT_VALUE","NULLABLE","JDBC_TYPE","JAVA_TYPE","IS_IDENTITY","IDENTITY_SEED","IDENTITY_INCR","DEGREE","IS_PUBLIC","DICT_ID","STANDARD_COLUMN_ID","CREATOR","CREATE_TIME","MODIFIER","MODIFY_TIME","OWNER","OWN_TIME","VERSION_MAJOR","VERSION_MINOR","RESERVED1","RESERVED2","SORT_NO") VALUES('1542094610425','1542094610407','HRTCLX','划入统筹利息','HRTCLX','划入统筹利息','NUMERIC',38,2,null,1,2,'DECIMAL',0,0,0,0,0,null,null,'superadmin','2018-11-13 15:36:50.376000',null,null,null,null,1,0,null,null,17);
INSERT INTO "BIGDATA"."DATASOURCE_DATACOLUMN"("OID","DATASET_ID","NAME","CAPTION","CODE","DESCRIPTION","COLUMN_TYPE","COLUMN_LENGTH","COLUMN_SCALE","DEFAULT_VALUE","NULLABLE","JDBC_TYPE","JAVA_TYPE","IS_IDENTITY","IDENTITY_SEED","IDENTITY_INCR","DEGREE","IS_PUBLIC","DICT_ID","STANDARD_COLUMN_ID","CREATOR","CREATE_TIME","MODIFIER","MODIFY_TIME","OWNER","OWN_TIME","VERSION_MAJOR","VERSION_MINOR","RESERVED1","RESERVED2","SORT_NO") VALUES('1542094610426','1542094610407','ZNJ','滞纳金','ZNJ','滞纳金','NUMERIC',38,2,null,1,2,'DECIMAL',0,0,0,0,0,null,null,'superadmin','2018-11-13 15:36:50.376000',null,null,null,null,1,0,null,null,18);
INSERT INTO "BIGDATA"."DATASOURCE_DATACOLUMN"("OID","DATASET_ID","NAME","CAPTION","CODE","DESCRIPTION","COLUMN_TYPE","COLUMN_LENGTH","COLUMN_SCALE","DEFAULT_VALUE","NULLABLE","JDBC_TYPE","JAVA_TYPE","IS_IDENTITY","IDENTITY_SEED","IDENTITY_INCR","DEGREE","IS_PUBLIC","DICT_ID","STANDARD_COLUMN_ID","CREATOR","CREATE_TIME","MODIFIER","MODIFY_TIME","OWNER","OWN_TIME","VERSION_MAJOR","VERSION_MINOR","RESERVED1","RESERVED2","SORT_NO") VALUES('1542094610427','1542094610407','JFBZ','缴费标志','JFBZ','缴费标志','VARCHAR',64,0,null,1,12,'STRING',0,0,0,0,0,null,null,'superadmin','2018-11-13 15:36:50.376000',null,null,null,null,1,0,null,null,19);
INSERT INTO "BIGDATA"."DATASOURCE_DATACOLUMN"("OID","DATASET_ID","NAME","CAPTION","CODE","DESCRIPTION","COLUMN_TYPE","COLUMN_LENGTH","COLUMN_SCALE","DEFAULT_VALUE","NULLABLE","JDBC_TYPE","JAVA_TYPE","IS_IDENTITY","IDENTITY_SEED","IDENTITY_INCR","DEGREE","IS_PUBLIC","DICT_ID","STANDARD_COLUMN_ID","CREATOR","CREATE_TIME","MODIFIER","MODIFY_TIME","OWNER","OWN_TIME","VERSION_MAJOR","VERSION_MINOR","RESERVED1","RESERVED2","SORT_NO") VALUES('1542094610428','1542094610407','DZRQ','到账日期','DZRQ','到账日期','VARCHAR',200,0,null,1,12,'STRING',0,0,0,0,0,null,null,'superadmin','2018-11-13 15:36:50.376000',null,null,null,null,1,0,null,null,20);
INSERT INTO "BIGDATA"."DATASOURCE_DATACOLUMN"("OID","DATASET_ID","NAME","CAPTION","CODE","DESCRIPTION","COLUMN_TYPE","COLUMN_LENGTH","COLUMN_SCALE","DEFAULT_VALUE","NULLABLE","JDBC_TYPE","JAVA_TYPE","IS_IDENTITY","IDENTITY_SEED","IDENTITY_INCR","DEGREE","IS_PUBLIC","DICT_ID","STANDARD_COLUMN_ID","CREATOR","CREATE_TIME","MODIFIER","MODIFY_TIME","OWNER","OWN_TIME","VERSION_MAJOR","VERSION_MINOR","RESERVED1","RESERVED2","SORT_NO") VALUES('1542094610429','1542094610407','JFKSSJ','缴费开始时间','JFKSSJ','缴费开始时间','VARCHAR',64,0,null,1,12,'STRING',0,0,0,0,0,null,null,'superadmin','2018-11-13 15:36:50.376000',null,null,null,null,1,0,null,null,21);
INSERT INTO "BIGDATA"."DATASOURCE_DATACOLUMN"("OID","DATASET_ID","NAME","CAPTION","CODE","DESCRIPTION","COLUMN_TYPE","COLUMN_LENGTH","COLUMN_SCALE","DEFAULT_VALUE","NULLABLE","JDBC_TYPE","JAVA_TYPE","IS_IDENTITY","IDENTITY_SEED","IDENTITY_INCR","DEGREE","IS_PUBLIC","DICT_ID","STANDARD_COLUMN_ID","CREATOR","CREATE_TIME","MODIFIER","MODIFY_TIME","OWNER","OWN_TIME","VERSION_MAJOR","VERSION_MINOR","RESERVED1","RESERVED2","SORT_NO") VALUES('1542094610430','1542094610407','JFZZSJ','缴费终止时间','JFZZSJ','缴费终止时间','VARCHAR',64,0,null,1,12,'STRING',0,0,0,0,0,null,null,'superadmin','2018-11-13 15:36:50.376000',null,null,null,null,1,0,null,null,22);
INSERT INTO "BIGDATA"."DATASOURCE_DATACOLUMN"("OID","DATASET_ID","NAME","CAPTION","CODE","DESCRIPTION","COLUMN_TYPE","COLUMN_LENGTH","COLUMN_SCALE","DEFAULT_VALUE","NULLABLE","JDBC_TYPE","JAVA_TYPE","IS_IDENTITY","IDENTITY_SEED","IDENTITY_INCR","DEGREE","IS_PUBLIC","DICT_ID","STANDARD_COLUMN_ID","CREATOR","CREATE_TIME","MODIFIER","MODIFY_TIME","OWNER","OWN_TIME","VERSION_MAJOR","VERSION_MINOR","RESERVED1","RESERVED2","SORT_NO") VALUES('1542094610431','1542094610407','TSRQ','特殊人群','TSRQ','特殊人群','VARCHAR',200,0,null,1,12,'STRING',0,0,0,0,0,null,null,'superadmin','2018-11-13 15:36:50.376000',null,null,null,null,1,0,null,null,23);
INSERT INTO "BIGDATA"."DATASOURCE_DATACOLUMN"("OID","DATASET_ID","NAME","CAPTION","CODE","DESCRIPTION","COLUMN_TYPE","COLUMN_LENGTH","COLUMN_SCALE","DEFAULT_VALUE","NULLABLE","JDBC_TYPE","JAVA_TYPE","IS_IDENTITY","IDENTITY_SEED","IDENTITY_INCR","DEGREE","IS_PUBLIC","DICT_ID","STANDARD_COLUMN_ID","CREATOR","CREATE_TIME","MODIFIER","MODIFY_TIME","OWNER","OWN_TIME","VERSION_MAJOR","VERSION_MINOR","RESERVED1","RESERVED2","SORT_NO") VALUES('1542094610432','1542094610407','YLJFDC','医疗缴费档次','YLJFDC','医疗缴费档次','VARCHAR',64,0,null,1,12,'STRING',0,0,0,0,0,null,null,'superadmin','2018-11-13 15:36:50.376000',null,null,null,null,1,0,null,null,24);
INSERT INTO "BIGDATA"."DATASOURCE_DATACOLUMN"("OID","DATASET_ID","NAME","CAPTION","CODE","DESCRIPTION","COLUMN_TYPE","COLUMN_LENGTH","COLUMN_SCALE","DEFAULT_VALUE","NULLABLE","JDBC_TYPE","JAVA_TYPE","IS_IDENTITY","IDENTITY_SEED","IDENTITY_INCR","DEGREE","IS_PUBLIC","DICT_ID","STANDARD_COLUMN_ID","CREATOR","CREATE_TIME","MODIFIER","MODIFY_TIME","OWNER","OWN_TIME","VERSION_MAJOR","VERSION_MINOR","RESERVED1","RESERVED2","SORT_NO") VALUES('1542094610435','1542094610434','SSDQDM','所属地区代码','SSDQDM','所属地区代码','VARCHAR',64,0,null,1,12,'STRING',0,0,0,0,0,null,null,'superadmin','2018-11-13 15:36:50.378000',null,null,null,null,1,0,null,null,1);
INSERT INTO "BIGDATA"."DATASOURCE_DATACOLUMN"("OID","DATASET_ID","NAME","CAPTION","CODE","DESCRIPTION","COLUMN_TYPE","COLUMN_LENGTH","COLUMN_SCALE","DEFAULT_VALUE","NULLABLE","JDBC_TYPE","JAVA_TYPE","IS_IDENTITY","IDENTITY_SEED","IDENTITY_INCR","DEGREE","IS_PUBLIC","DICT_ID","STANDARD_COLUMN_ID","CREATOR","CREATE_TIME","MODIFIER","MODIFY_TIME","OWNER","OWN_TIME","VERSION_MAJOR","VERSION_MINOR","RESERVED1","RESERVED2","SORT_NO") VALUES('1542094610436','1542094610434','SSDQMC','所属地区名称','SSDQMC','所属地区名称','VARCHAR',200,0,null,1,12,'STRING',0,0,0,0,0,null,null,'superadmin','2018-11-13 15:36:50.378000',null,null,null,null,1,0,null,null,2);
INSERT INTO "BIGDATA"."DATASOURCE_DATACOLUMN"("OID","DATASET_ID","NAME","CAPTION","CODE","DESCRIPTION","COLUMN_TYPE","COLUMN_LENGTH","COLUMN_SCALE","DEFAULT_VALUE","NULLABLE","JDBC_TYPE","JAVA_TYPE","IS_IDENTITY","IDENTITY_SEED","IDENTITY_INCR","DEGREE","IS_PUBLIC","DICT_ID","STANDARD_COLUMN_ID","CREATOR","CREATE_TIME","MODIFIER","MODIFY_TIME","OWNER","OWN_TIME","VERSION_MAJOR","VERSION_MINOR","RESERVED1","RESERVED2","SORT_NO") VALUES('1542094610437','1542094610434','SZXM','死者姓名','SZXM','死者姓名','VARCHAR',200,0,null,1,12,'STRING',0,0,0,0,0,null,null,'superadmin','2018-11-13 15:36:50.378000',null,null,null,null,1,0,null,null,3);
INSERT INTO "BIGDATA"."DATASOURCE_DATACOLUMN"("OID","DATASET_ID","NAME","CAPTION","CODE","DESCRIPTION","COLUMN_TYPE","COLUMN_LENGTH","COLUMN_SCALE","DEFAULT_VALUE","NULLABLE","JDBC_TYPE","JAVA_TYPE","IS_IDENTITY","IDENTITY_SEED","IDENTITY_INCR","DEGREE","IS_PUBLIC","DICT_ID","STANDARD_COLUMN_ID","CREATOR","CREATE_TIME","MODIFIER","MODIFY_TIME","OWNER","OWN_TIME","VERSION_MAJOR","VERSION_MINOR","RESERVED1","RESERVED2","SORT_NO") VALUES('1542094610438','1542094610434','XB','性别','XB','性别','VARCHAR',64,0,null,1,12,'STRING',0,0,0,0,0,null,null,'superadmin','2018-11-13 15:36:50.378000',null,null,null,null,1,0,null,null,4);
INSERT INTO "BIGDATA"."DATASOURCE_DATACOLUMN"("OID","DATASET_ID","NAME","CAPTION","CODE","DESCRIPTION","COLUMN_TYPE","COLUMN_LENGTH","COLUMN_SCALE","DEFAULT_VALUE","NULLABLE","JDBC_TYPE","JAVA_TYPE","IS_IDENTITY","IDENTITY_SEED","IDENTITY_INCR","DEGREE","IS_PUBLIC","DICT_ID","STANDARD_COLUMN_ID","CREATOR","CREATE_TIME","MODIFIER","MODIFY_TIME","OWNER","OWN_TIME","VERSION_MAJOR","VERSION_MINOR","RESERVED1","RESERVED2","SORT_NO") VALUES('1542094610439','1542094610434','GMSFHM','公民身份号码','GMSFHM','公民身份号码','VARCHAR',64,0,null,1,12,'STRING',0,0,0,0,0,null,null,'superadmin','2018-11-13 15:36:50.378000',null,null,null,null,1,0,null,null,5);
INSERT INTO "BIGDATA"."DATASOURCE_DATACOLUMN"("OID","DATASET_ID","NAME","CAPTION","CODE","DESCRIPTION","COLUMN_TYPE","COLUMN_LENGTH","COLUMN_SCALE","DEFAULT_VALUE","NULLABLE","JDBC_TYPE","JAVA_TYPE","IS_IDENTITY","IDENTITY_SEED","IDENTITY_INCR","DEGREE","IS_PUBLIC","DICT_ID","STANDARD_COLUMN_ID","CREATOR","CREATE_TIME","MODIFIER","MODIFY_TIME","OWNER","OWN_TIME","VERSION_MAJOR","VERSION_MINOR","RESERVED1","RESERVED2","SORT_NO") VALUES('1542094610440','1542094610434','HHDWMC','火化单位名称','HHDWMC','火化单位名称','VARCHAR',200,0,null,1,12,'STRING',0,0,0,0,0,null,null,'superadmin','2018-11-13 15:36:50.378000',null,null,null,null,1,0,null,null,6);
INSERT INTO "BIGDATA"."DATASOURCE_DATACOLUMN"("OID","DATASET_ID","NAME","CAPTION","CODE","DESCRIPTION","COLUMN_TYPE","COLUMN_LENGTH","COLUMN_SCALE","DEFAULT_VALUE","NULLABLE","JDBC_TYPE","JAVA_TYPE","IS_IDENTITY","IDENTITY_SEED","IDENTITY_INCR","DEGREE","IS_PUBLIC","DICT_ID","STANDARD_COLUMN_ID","CREATOR","CREATE_TIME","MODIFIER","MODIFY_TIME","OWNER","OWN_TIME","VERSION_MAJOR","VERSION_MINOR","RESERVED1","RESERVED2","SORT_NO") VALUES('1542094610441','1542094610434','HHSJ','火化时间','HHSJ','火化时间','DATETIME',8,6,null,1,93,'DATETIME',0,0,0,0,0,null,null,'superadmin','2018-11-13 15:36:50.378000',null,null,null,null,1,0,null,null,7);
INSERT INTO "BIGDATA"."DATASOURCE_DATACOLUMN"("OID","DATASET_ID","NAME","CAPTION","CODE","DESCRIPTION","COLUMN_TYPE","COLUMN_LENGTH","COLUMN_SCALE","DEFAULT_VALUE","NULLABLE","JDBC_TYPE","JAVA_TYPE","IS_IDENTITY","IDENTITY_SEED","IDENTITY_INCR","DEGREE","IS_PUBLIC","DICT_ID","STANDARD_COLUMN_ID","CREATOR","CREATE_TIME","MODIFIER","MODIFY_TIME","OWNER","OWN_TIME","VERSION_MAJOR","VERSION_MINOR","RESERVED1","RESERVED2","SORT_NO") VALUES('1542094610445','1542094610444','SSDQDM','所属地区代码','SSDQDM','所属地区代码','VARCHAR',64,0,null,1,12,'STRING',0,0,0,0,0,null,null,'superadmin','2018-11-13 15:36:50.379000',null,null,null,null,1,0,null,null,1);
INSERT INTO "BIGDATA"."DATASOURCE_DATACOLUMN"("OID","DATASET_ID","NAME","CAPTION","CODE","DESCRIPTION","COLUMN_TYPE","COLUMN_LENGTH","COLUMN_SCALE","DEFAULT_VALUE","NULLABLE","JDBC_TYPE","JAVA_TYPE","IS_IDENTITY","IDENTITY_SEED","IDENTITY_INCR","DEGREE","IS_PUBLIC","DICT_ID","STANDARD_COLUMN_ID","CREATOR","CREATE_TIME","MODIFIER","MODIFY_TIME","OWNER","OWN_TIME","VERSION_MAJOR","VERSION_MINOR","RESERVED1","RESERVED2","SORT_NO") VALUES('1542094610446','1542094610444','SSDQMC','所属地区名称','SSDQMC','所属地区名称','VARCHAR',200,0,null,1,12,'STRING',0,0,0,0,0,null,null,'superadmin','2018-11-13 15:36:50.379000',null,null,null,null,1,0,null,null,2);
INSERT INTO "BIGDATA"."DATASOURCE_DATACOLUMN"("OID","DATASET_ID","NAME","CAPTION","CODE","DESCRIPTION","COLUMN_TYPE","COLUMN_LENGTH","COLUMN_SCALE","DEFAULT_VALUE","NULLABLE","JDBC_TYPE","JAVA_TYPE","IS_IDENTITY","IDENTITY_SEED","IDENTITY_INCR","DEGREE","IS_PUBLIC","DICT_ID","STANDARD_COLUMN_ID","CREATOR","CREATE_TIME","MODIFIER","MODIFY_TIME","OWNER","OWN_TIME","VERSION_MAJOR","VERSION_MINOR","RESERVED1","RESERVED2","SORT_NO") VALUES('1542095722799','1542095722798','SSDQMC','所属地区名称','SSDQMC','所属地区名称','VARCHAR',8188,0,null,1,12,'STRING',0,0,0,0,0,null,null,'superadmin','2018-11-13 15:55:22.732000',null,null,null,null,1,0,null,null,1);
INSERT INTO "BIGDATA"."DATASOURCE_DATACOLUMN"("OID","DATASET_ID","NAME","CAPTION","CODE","DESCRIPTION","COLUMN_TYPE","COLUMN_LENGTH","COLUMN_SCALE","DEFAULT_VALUE","NULLABLE","JDBC_TYPE","JAVA_TYPE","IS_IDENTITY","IDENTITY_SEED","IDENTITY_INCR","DEGREE","IS_PUBLIC","DICT_ID","STANDARD_COLUMN_ID","CREATOR","CREATE_TIME","MODIFIER","MODIFY_TIME","OWNER","OWN_TIME","VERSION_MAJOR","VERSION_MINOR","RESERVED1","RESERVED2","SORT_NO") VALUES('1542095722800','1542095722798','CBDWBH','参保单位编号','CBDWBH','参保单位编号','VARCHAR',8188,0,null,1,12,'STRING',0,0,0,0,0,null,null,'superadmin','2018-11-13 15:55:22.732000',null,null,null,null,1,0,null,null,2);
INSERT INTO "BIGDATA"."DATASOURCE_DATACOLUMN"("OID","DATASET_ID","NAME","CAPTION","CODE","DESCRIPTION","COLUMN_TYPE","COLUMN_LENGTH","COLUMN_SCALE","DEFAULT_VALUE","NULLABLE","JDBC_TYPE","JAVA_TYPE","IS_IDENTITY","IDENTITY_SEED","IDENTITY_INCR","DEGREE","IS_PUBLIC","DICT_ID","STANDARD_COLUMN_ID","CREATOR","CREATE_TIME","MODIFIER","MODIFY_TIME","OWNER","OWN_TIME","VERSION_MAJOR","VERSION_MINOR","RESERVED1","RESERVED2","SORT_NO") VALUES('1542095722801','1542095722798','CBGRBH','参保个人编号','CBGRBH','参保个人编号','VARCHAR',8188,0,null,1,12,'STRING',0,0,0,0,0,null,null,'superadmin','2018-11-13 15:55:22.732000',null,null,null,null,1,0,null,null,3);
INSERT INTO "BIGDATA"."DATASOURCE_DATACOLUMN"("OID","DATASET_ID","NAME","CAPTION","CODE","DESCRIPTION","COLUMN_TYPE","COLUMN_LENGTH","COLUMN_SCALE","DEFAULT_VALUE","NULLABLE","JDBC_TYPE","JAVA_TYPE","IS_IDENTITY","IDENTITY_SEED","IDENTITY_INCR","DEGREE","IS_PUBLIC","DICT_ID","STANDARD_COLUMN_ID","CREATOR","CREATE_TIME","MODIFIER","MODIFY_TIME","OWNER","OWN_TIME","VERSION_MAJOR","VERSION_MINOR","RESERVED1","RESERVED2","SORT_NO") VALUES('1542095722802','1542095722798','FKSSQ','费款所属期','FKSSQ','费款所属期','TIMESTAMP',0,0,null,1,93,'DATETIME',0,0,0,0,0,null,null,'superadmin','2018-11-13 15:55:22.732000',null,null,null,null,1,0,null,null,4);
INSERT INTO "BIGDATA"."DATASOURCE_DATACOLUMN"("OID","DATASET_ID","NAME","CAPTION","CODE","DESCRIPTION","COLUMN_TYPE","COLUMN_LENGTH","COLUMN_SCALE","DEFAULT_VALUE","NULLABLE","JDBC_TYPE","JAVA_TYPE","IS_IDENTITY","IDENTITY_SEED","IDENTITY_INCR","DEGREE","IS_PUBLIC","DICT_ID","STANDARD_COLUMN_ID","CREATOR","CREATE_TIME","MODIFIER","MODIFY_TIME","OWNER","OWN_TIME","VERSION_MAJOR","VERSION_MINOR","RESERVED1","RESERVED2","SORT_NO") VALUES('1542095722803','1542095722798','XB','性别','XB','性别','VARCHAR',8188,0,null,1,12,'STRING',0,0,0,0,0,null,null,'superadmin','2018-11-13 15:55:22.732000',null,null,null,null,1,0,null,null,5);
INSERT INTO "BIGDATA"."DATASOURCE_DATACOLUMN"("OID","DATASET_ID","NAME","CAPTION","CODE","DESCRIPTION","COLUMN_TYPE","COLUMN_LENGTH","COLUMN_SCALE","DEFAULT_VALUE","NULLABLE","JDBC_TYPE","JAVA_TYPE","IS_IDENTITY","IDENTITY_SEED","IDENTITY_INCR","DEGREE","IS_PUBLIC","DICT_ID","STANDARD_COLUMN_ID","CREATOR","CREATE_TIME","MODIFIER","MODIFY_TIME","OWNER","OWN_TIME","VERSION_MAJOR","VERSION_MINOR","RESERVED1","RESERVED2","SORT_NO") VALUES('1542095722804','1542095722798','XM','姓名','XM','姓名','VARCHAR',8188,0,null,1,12,'STRING',0,0,0,0,0,null,null,'superadmin','2018-11-13 15:55:22.732000',null,null,null,null,1,0,null,null,6);
INSERT INTO "BIGDATA"."DATASOURCE_DATACOLUMN"("OID","DATASET_ID","NAME","CAPTION","CODE","DESCRIPTION","COLUMN_TYPE","COLUMN_LENGTH","COLUMN_SCALE","DEFAULT_VALUE","NULLABLE","JDBC_TYPE","JAVA_TYPE","IS_IDENTITY","IDENTITY_SEED","IDENTITY_INCR","DEGREE","IS_PUBLIC","DICT_ID","STANDARD_COLUMN_ID","CREATOR","CREATE_TIME","MODIFIER","MODIFY_TIME","OWNER","OWN_TIME","VERSION_MAJOR","VERSION_MINOR","RESERVED1","RESERVED2","SORT_NO") VALUES('1542095722806','1542095722798','SFZH','身份证号','SFZH','身份证号','VARCHAR',8188,0,null,1,12,'STRING',0,0,0,0,0,null,null,'superadmin','2018-11-13 15:55:22.732000',null,null,null,null,1,0,null,null,7);
INSERT INTO "BIGDATA"."DATASOURCE_DATACOLUMN"("OID","DATASET_ID","NAME","CAPTION","CODE","DESCRIPTION","COLUMN_TYPE","COLUMN_LENGTH","COLUMN_SCALE","DEFAULT_VALUE","NULLABLE","JDBC_TYPE","JAVA_TYPE","IS_IDENTITY","IDENTITY_SEED","IDENTITY_INCR","DEGREE","IS_PUBLIC","DICT_ID","STANDARD_COLUMN_ID","CREATOR","CREATE_TIME","MODIFIER","MODIFY_TIME","OWNER","OWN_TIME","VERSION_MAJOR","VERSION_MINOR","RESERVED1","RESERVED2","SORT_NO") VALUES('1542095794486','1542095794485','SSDQMC','所属地区名称','SSDQMC','所属地区名称','VARCHAR',8188,0,null,1,12,'STRING',0,0,0,0,0,null,null,'superadmin','2018-11-13 15:56:34.411000',null,null,null,null,1,0,null,null,1);
INSERT INTO "BIGDATA"."DATASOURCE_DATACOLUMN"("OID","DATASET_ID","NAME","CAPTION","CODE","DESCRIPTION","COLUMN_TYPE","COLUMN_LENGTH","COLUMN_SCALE","DEFAULT_VALUE","NULLABLE","JDBC_TYPE","JAVA_TYPE","IS_IDENTITY","IDENTITY_SEED","IDENTITY_INCR","DEGREE","IS_PUBLIC","DICT_ID","STANDARD_COLUMN_ID","CREATOR","CREATE_TIME","MODIFIER","MODIFY_TIME","OWNER","OWN_TIME","VERSION_MAJOR","VERSION_MINOR","RESERVED1","RESERVED2","SORT_NO") VALUES('1542095794488','1542095794485','CBDWBH','参保单位编号','CBDWBH','参保单位编号','VARCHAR',8188,0,null,1,12,'STRING',0,0,0,0,0,null,null,'superadmin','2018-11-13 15:56:34.411000',null,null,null,null,1,0,null,null,2);
INSERT INTO "BIGDATA"."DATASOURCE_DATACOLUMN"("OID","DATASET_ID","NAME","CAPTION","CODE","DESCRIPTION","COLUMN_TYPE","COLUMN_LENGTH","COLUMN_SCALE","DEFAULT_VALUE","NULLABLE","JDBC_TYPE","JAVA_TYPE","IS_IDENTITY","IDENTITY_SEED","IDENTITY_INCR","DEGREE","IS_PUBLIC","DICT_ID","STANDARD_COLUMN_ID","CREATOR","CREATE_TIME","MODIFIER","MODIFY_TIME","OWNER","OWN_TIME","VERSION_MAJOR","VERSION_MINOR","RESERVED1","RESERVED2","SORT_NO") VALUES('1542095794489','1542095794485','CBGRBH','参保个人编号','CBGRBH','参保个人编号','VARCHAR',8188,0,null,1,12,'STRING',0,0,0,0,0,null,null,'superadmin','2018-11-13 15:56:34.411000',null,null,null,null,1,0,null,null,3);
INSERT INTO "BIGDATA"."DATASOURCE_DATACOLUMN"("OID","DATASET_ID","NAME","CAPTION","CODE","DESCRIPTION","COLUMN_TYPE","COLUMN_LENGTH","COLUMN_SCALE","DEFAULT_VALUE","NULLABLE","JDBC_TYPE","JAVA_TYPE","IS_IDENTITY","IDENTITY_SEED","IDENTITY_INCR","DEGREE","IS_PUBLIC","DICT_ID","STANDARD_COLUMN_ID","CREATOR","CREATE_TIME","MODIFIER","MODIFY_TIME","OWNER","OWN_TIME","VERSION_MAJOR","VERSION_MINOR","RESERVED1","RESERVED2","SORT_NO") VALUES('1542095794490','1542095794485','XB','性别','XB','性别','VARCHAR',8188,0,null,1,12,'STRING',0,0,0,0,0,null,null,'superadmin','2018-11-13 15:56:34.411000',null,null,null,null,1,0,null,null,4);
INSERT INTO "BIGDATA"."DATASOURCE_DATACOLUMN"("OID","DATASET_ID","NAME","CAPTION","CODE","DESCRIPTION","COLUMN_TYPE","COLUMN_LENGTH","COLUMN_SCALE","DEFAULT_VALUE","NULLABLE","JDBC_TYPE","JAVA_TYPE","IS_IDENTITY","IDENTITY_SEED","IDENTITY_INCR","DEGREE","IS_PUBLIC","DICT_ID","STANDARD_COLUMN_ID","CREATOR","CREATE_TIME","MODIFIER","MODIFY_TIME","OWNER","OWN_TIME","VERSION_MAJOR","VERSION_MINOR","RESERVED1","RESERVED2","SORT_NO") VALUES('1542095794491','1542095794485','XM','姓名','XM','姓名','VARCHAR',8188,0,null,1,12,'STRING',0,0,0,0,0,null,null,'superadmin','2018-11-13 15:56:34.411000',null,null,null,null,1,0,null,null,5);
INSERT INTO "BIGDATA"."DATASOURCE_DATACOLUMN"("OID","DATASET_ID","NAME","CAPTION","CODE","DESCRIPTION","COLUMN_TYPE","COLUMN_LENGTH","COLUMN_SCALE","DEFAULT_VALUE","NULLABLE","JDBC_TYPE","JAVA_TYPE","IS_IDENTITY","IDENTITY_SEED","IDENTITY_INCR","DEGREE","IS_PUBLIC","DICT_ID","STANDARD_COLUMN_ID","CREATOR","CREATE_TIME","MODIFIER","MODIFY_TIME","OWNER","OWN_TIME","VERSION_MAJOR","VERSION_MINOR","RESERVED1","RESERVED2","SORT_NO") VALUES('1542095794492','1542095794485','SFZH','身份证号','SFZH','身份证号','VARCHAR',8188,0,null,1,12,'STRING',0,0,0,0,0,null,null,'superadmin','2018-11-13 15:56:34.411000',null,null,null,null,1,0,null,null,6);
INSERT INTO "BIGDATA"."DATASOURCE_DATACOLUMN"("OID","DATASET_ID","NAME","CAPTION","CODE","DESCRIPTION","COLUMN_TYPE","COLUMN_LENGTH","COLUMN_SCALE","DEFAULT_VALUE","NULLABLE","JDBC_TYPE","JAVA_TYPE","IS_IDENTITY","IDENTITY_SEED","IDENTITY_INCR","DEGREE","IS_PUBLIC","DICT_ID","STANDARD_COLUMN_ID","CREATOR","CREATE_TIME","MODIFIER","MODIFY_TIME","OWNER","OWN_TIME","VERSION_MAJOR","VERSION_MINOR","RESERVED1","RESERVED2","SORT_NO") VALUES('1542161998903','1542161998902','SSDQDM','所属地区代码','SSDQDM','所属地区代码','VARCHAR',64,0,null,1,12,'STRING',0,0,0,0,0,null,null,'superadmin','2018-11-14 10:19:58.818000',null,null,null,null,1,0,null,null,1);
INSERT INTO "BIGDATA"."DATASOURCE_DATACOLUMN"("OID","DATASET_ID","NAME","CAPTION","CODE","DESCRIPTION","COLUMN_TYPE","COLUMN_LENGTH","COLUMN_SCALE","DEFAULT_VALUE","NULLABLE","JDBC_TYPE","JAVA_TYPE","IS_IDENTITY","IDENTITY_SEED","IDENTITY_INCR","DEGREE","IS_PUBLIC","DICT_ID","STANDARD_COLUMN_ID","CREATOR","CREATE_TIME","MODIFIER","MODIFY_TIME","OWNER","OWN_TIME","VERSION_MAJOR","VERSION_MINOR","RESERVED1","RESERVED2","SORT_NO") VALUES('1542161998904','1542161998902','DJH','单据号','DJH','单据号','VARCHAR',200,0,null,1,12,'STRING',0,0,0,0,0,null,null,'superadmin','2018-11-14 10:19:58.818000',null,null,null,null,1,0,null,null,2);
INSERT INTO "BIGDATA"."DATASOURCE_DATACOLUMN"("OID","DATASET_ID","NAME","CAPTION","CODE","DESCRIPTION","COLUMN_TYPE","COLUMN_LENGTH","COLUMN_SCALE","DEFAULT_VALUE","NULLABLE","JDBC_TYPE","JAVA_TYPE","IS_IDENTITY","IDENTITY_SEED","IDENTITY_INCR","DEGREE","IS_PUBLIC","DICT_ID","STANDARD_COLUMN_ID","CREATOR","CREATE_TIME","MODIFIER","MODIFY_TIME","OWNER","OWN_TIME","VERSION_MAJOR","VERSION_MINOR","RESERVED1","RESERVED2","SORT_NO") VALUES('1542161998905','1542161998902','ZYXH','住院序号','ZYXH','住院序号','VARCHAR',200,0,null,1,12,'STRING',0,0,0,0,0,null,null,'superadmin','2018-11-14 10:19:58.818000',null,null,null,null,1,0,null,null,3);
INSERT INTO "BIGDATA"."DATASOURCE_DATACOLUMN"("OID","DATASET_ID","NAME","CAPTION","CODE","DESCRIPTION","COLUMN_TYPE","COLUMN_LENGTH","COLUMN_SCALE","DEFAULT_VALUE","NULLABLE","JDBC_TYPE","JAVA_TYPE","IS_IDENTITY","IDENTITY_SEED","IDENTITY_INCR","DEGREE","IS_PUBLIC","DICT_ID","STANDARD_COLUMN_ID","CREATOR","CREATE_TIME","MODIFIER","MODIFY_TIME","OWNER","OWN_TIME","VERSION_MAJOR","VERSION_MINOR","RESERVED1","RESERVED2","SORT_NO") VALUES('1542161998906','1542161998902','YYM','医院码','YYM','医院码','VARCHAR',200,0,null,1,12,'STRING',0,0,0,0,0,null,null,'superadmin','2018-11-14 10:19:58.818000',null,null,null,null,1,0,null,null,4);
INSERT INTO "BIGDATA"."DATASOURCE_DATACOLUMN"("OID","DATASET_ID","NAME","CAPTION","CODE","DESCRIPTION","COLUMN_TYPE","COLUMN_LENGTH","COLUMN_SCALE","DEFAULT_VALUE","NULLABLE","JDBC_TYPE","JAVA_TYPE","IS_IDENTITY","IDENTITY_SEED","IDENTITY_INCR","DEGREE","IS_PUBLIC","DICT_ID","STANDARD_COLUMN_ID","CREATOR","CREATE_TIME","MODIFIER","MODIFY_TIME","OWNER","OWN_TIME","VERSION_MAJOR","VERSION_MINOR","RESERVED1","RESERVED2","SORT_NO") VALUES('1542161998907','1542161998902','YYMC','医院名称','YYMC','医院名称','VARCHAR',200,0,null,1,12,'STRING',0,0,0,0,0,null,null,'superadmin','2018-11-14 10:19:58.818000',null,null,null,null,1,0,null,null,5);
INSERT INTO "BIGDATA"."DATASOURCE_DATACOLUMN"("OID","DATASET_ID","NAME","CAPTION","CODE","DESCRIPTION","COLUMN_TYPE","COLUMN_LENGTH","COLUMN_SCALE","DEFAULT_VALUE","NULLABLE","JDBC_TYPE","JAVA_TYPE","IS_IDENTITY","IDENTITY_SEED","IDENTITY_INCR","DEGREE","IS_PUBLIC","DICT_ID","STANDARD_COLUMN_ID","CREATOR","CREATE_TIME","MODIFIER","MODIFY_TIME","OWNER","OWN_TIME","VERSION_MAJOR","VERSION_MINOR","RESERVED1","RESERVED2","SORT_NO") VALUES('1542161998908','1542161998902','RYSJ','入院时间','RYSJ','入院时间','DATETIME',8,6,null,1,93,'DATETIME',0,0,0,0,0,null,null,'superadmin','2018-11-14 10:19:58.818000',null,null,null,null,1,0,null,null,6);
INSERT INTO "BIGDATA"."DATASOURCE_DATACOLUMN"("OID","DATASET_ID","NAME","CAPTION","CODE","DESCRIPTION","COLUMN_TYPE","COLUMN_LENGTH","COLUMN_SCALE","DEFAULT_VALUE","NULLABLE","JDBC_TYPE","JAVA_TYPE","IS_IDENTITY","IDENTITY_SEED","IDENTITY_INCR","DEGREE","IS_PUBLIC","DICT_ID","STANDARD_COLUMN_ID","CREATOR","CREATE_TIME","MODIFIER","MODIFY_TIME","OWNER","OWN_TIME","VERSION_MAJOR","VERSION_MINOR","RESERVED1","RESERVED2","SORT_NO") VALUES('1542161998909','1542161998902','CYSJ','出院时间','CYSJ','出院时间','DATETIME',8,6,null,1,93,'DATETIME',0,0,0,0,0,null,null,'superadmin','2018-11-14 10:19:58.818000',null,null,null,null,1,0,null,null,7);
INSERT INTO "BIGDATA"."DATASOURCE_DATACOLUMN"("OID","DATASET_ID","NAME","CAPTION","CODE","DESCRIPTION","COLUMN_TYPE","COLUMN_LENGTH","COLUMN_SCALE","DEFAULT_VALUE","NULLABLE","JDBC_TYPE","JAVA_TYPE","IS_IDENTITY","IDENTITY_SEED","IDENTITY_INCR","DEGREE","IS_PUBLIC","DICT_ID","STANDARD_COLUMN_ID","CREATOR","CREATE_TIME","MODIFIER","MODIFY_TIME","OWNER","OWN_TIME","VERSION_MAJOR","VERSION_MINOR","RESERVED1","RESERVED2","SORT_NO") VALUES('1542161998910','1542161998902','CYBZBM','出院病种编码','CYBZBM','出院病种编码','VARCHAR',200,0,null,1,12,'STRING',0,0,0,0,0,null,null,'superadmin','2018-11-14 10:19:58.818000',null,null,null,null,1,0,null,null,8);
INSERT INTO "BIGDATA"."DATASOURCE_DATACOLUMN"("OID","DATASET_ID","NAME","CAPTION","CODE","DESCRIPTION","COLUMN_TYPE","COLUMN_LENGTH","COLUMN_SCALE","DEFAULT_VALUE","NULLABLE","JDBC_TYPE","JAVA_TYPE","IS_IDENTITY","IDENTITY_SEED","IDENTITY_INCR","DEGREE","IS_PUBLIC","DICT_ID","STANDARD_COLUMN_ID","CREATOR","CREATE_TIME","MODIFIER","MODIFY_TIME","OWNER","OWN_TIME","VERSION_MAJOR","VERSION_MINOR","RESERVED1","RESERVED2","SORT_NO") VALUES('1542161998911','1542161998902','CYBZMC','出院病种名称','CYBZMC','出院病种名称','VARCHAR',200,0,null,1,12,'STRING',0,0,0,0,0,null,null,'superadmin','2018-11-14 10:19:58.818000',null,null,null,null,1,0,null,null,9);
INSERT INTO "BIGDATA"."DATASOURCE_DATACOLUMN"("OID","DATASET_ID","NAME","CAPTION","CODE","DESCRIPTION","COLUMN_TYPE","COLUMN_LENGTH","COLUMN_SCALE","DEFAULT_VALUE","NULLABLE","JDBC_TYPE","JAVA_TYPE","IS_IDENTITY","IDENTITY_SEED","IDENTITY_INCR","DEGREE","IS_PUBLIC","DICT_ID","STANDARD_COLUMN_ID","CREATOR","CREATE_TIME","MODIFIER","MODIFY_TIME","OWNER","OWN_TIME","VERSION_MAJOR","VERSION_MINOR","RESERVED1","RESERVED2","SORT_NO") VALUES('1542161998912','1542161998902','YSBM','医生编码','YSBM','医生编码','VARCHAR',200,0,null,1,12,'STRING',0,0,0,0,0,null,null,'superadmin','2018-11-14 10:19:58.818000',null,null,null,null,1,0,null,null,10);
INSERT INTO "BIGDATA"."DATASOURCE_DATACOLUMN"("OID","DATASET_ID","NAME","CAPTION","CODE","DESCRIPTION","COLUMN_TYPE","COLUMN_LENGTH","COLUMN_SCALE","DEFAULT_VALUE","NULLABLE","JDBC_TYPE","JAVA_TYPE","IS_IDENTITY","IDENTITY_SEED","IDENTITY_INCR","DEGREE","IS_PUBLIC","DICT_ID","STANDARD_COLUMN_ID","CREATOR","CREATE_TIME","MODIFIER","MODIFY_TIME","OWNER","OWN_TIME","VERSION_MAJOR","VERSION_MINOR","RESERVED1","RESERVED2","SORT_NO") VALUES('1542161998913','1542161998902','YSXM','医生姓名','YSXM','医生姓名','VARCHAR',200,0,null,1,12,'STRING',0,0,0,0,0,null,null,'superadmin','2018-11-14 10:19:58.818000',null,null,null,null,1,0,null,null,11);
INSERT INTO "BIGDATA"."DATASOURCE_DATACOLUMN"("OID","DATASET_ID","NAME","CAPTION","CODE","DESCRIPTION","COLUMN_TYPE","COLUMN_LENGTH","COLUMN_SCALE","DEFAULT_VALUE","NULLABLE","JDBC_TYPE","JAVA_TYPE","IS_IDENTITY","IDENTITY_SEED","IDENTITY_INCR","DEGREE","IS_PUBLIC","DICT_ID","STANDARD_COLUMN_ID","CREATOR","CREATE_TIME","MODIFIER","MODIFY_TIME","OWNER","OWN_TIME","VERSION_MAJOR","VERSION_MINOR","RESERVED1","RESERVED2","SORT_NO") VALUES('1542161998914','1542161998902','SHBZKH','社会保障卡号','SHBZKH','社会保障卡号','VARCHAR',200,0,null,1,12,'STRING',0,0,0,0,0,null,null,'superadmin','2018-11-14 10:19:58.818000',null,null,null,null,1,0,null,null,12);
INSERT INTO "BIGDATA"."DATASOURCE_DATACOLUMN"("OID","DATASET_ID","NAME","CAPTION","CODE","DESCRIPTION","COLUMN_TYPE","COLUMN_LENGTH","COLUMN_SCALE","DEFAULT_VALUE","NULLABLE","JDBC_TYPE","JAVA_TYPE","IS_IDENTITY","IDENTITY_SEED","IDENTITY_INCR","DEGREE","IS_PUBLIC","DICT_ID","STANDARD_COLUMN_ID","CREATOR","CREATE_TIME","MODIFIER","MODIFY_TIME","OWNER","OWN_TIME","VERSION_MAJOR","VERSION_MINOR","RESERVED1","RESERVED2","SORT_NO") VALUES('1542161998915','1542161998902','XM','姓名','XM','姓名','VARCHAR',200,0,null,1,12,'STRING',0,0,0,0,0,null,null,'superadmin','2018-11-14 10:19:58.818000',null,null,null,null,1,0,null,null,13);
INSERT INTO "BIGDATA"."DATASOURCE_DATACOLUMN"("OID","DATASET_ID","NAME","CAPTION","CODE","DESCRIPTION","COLUMN_TYPE","COLUMN_LENGTH","COLUMN_SCALE","DEFAULT_VALUE","NULLABLE","JDBC_TYPE","JAVA_TYPE","IS_IDENTITY","IDENTITY_SEED","IDENTITY_INCR","DEGREE","IS_PUBLIC","DICT_ID","STANDARD_COLUMN_ID","CREATOR","CREATE_TIME","MODIFIER","MODIFY_TIME","OWNER","OWN_TIME","VERSION_MAJOR","VERSION_MINOR","RESERVED1","RESERVED2","SORT_NO") VALUES('1542161998916','1542161998902','SFZH','身份证号','SFZH','身份证号','VARCHAR',64,0,null,1,12,'STRING',0,0,0,0,0,null,null,'superadmin','2018-11-14 10:19:58.818000',null,null,null,null,1,0,null,null,14);
INSERT INTO "BIGDATA"."DATASOURCE_DATACOLUMN"("OID","DATASET_ID","NAME","CAPTION","CODE","DESCRIPTION","COLUMN_TYPE","COLUMN_LENGTH","COLUMN_SCALE","DEFAULT_VALUE","NULLABLE","JDBC_TYPE","JAVA_TYPE","IS_IDENTITY","IDENTITY_SEED","IDENTITY_INCR","DEGREE","IS_PUBLIC","DICT_ID","STANDARD_COLUMN_ID","CREATOR","CREATE_TIME","MODIFIER","MODIFY_TIME","OWNER","OWN_TIME","VERSION_MAJOR","VERSION_MINOR","RESERVED1","RESERVED2","SORT_NO") VALUES('1542161998917','1542161998902','RYXZ','人员性质','RYXZ','人员性质','VARCHAR',64,0,null,1,12,'STRING',0,0,0,0,0,null,null,'superadmin','2018-11-14 10:19:58.818000',null,null,null,null,1,0,null,null,15);
INSERT INTO "BIGDATA"."DATASOURCE_DATACOLUMN"("OID","DATASET_ID","NAME","CAPTION","CODE","DESCRIPTION","COLUMN_TYPE","COLUMN_LENGTH","COLUMN_SCALE","DEFAULT_VALUE","NULLABLE","JDBC_TYPE","JAVA_TYPE","IS_IDENTITY","IDENTITY_SEED","IDENTITY_INCR","DEGREE","IS_PUBLIC","DICT_ID","STANDARD_COLUMN_ID","CREATOR","CREATE_TIME","MODIFIER","MODIFY_TIME","OWNER","OWN_TIME","VERSION_MAJOR","VERSION_MINOR","RESERVED1","RESERVED2","SORT_NO") VALUES('1542161998918','1542161998902','DWMC','单位名称','DWMC','单位名称','VARCHAR',200,0,null,1,12,'STRING',0,0,0,0,0,null,null,'superadmin','2018-11-14 10:19:58.818000',null,null,null,null,1,0,null,null,16);
INSERT INTO "BIGDATA"."DATASOURCE_DATACOLUMN"("OID","DATASET_ID","NAME","CAPTION","CODE","DESCRIPTION","COLUMN_TYPE","COLUMN_LENGTH","COLUMN_SCALE","DEFAULT_VALUE","NULLABLE","JDBC_TYPE","JAVA_TYPE","IS_IDENTITY","IDENTITY_SEED","IDENTITY_INCR","DEGREE","IS_PUBLIC","DICT_ID","STANDARD_COLUMN_ID","CREATOR","CREATE_TIME","MODIFIER","MODIFY_TIME","OWNER","OWN_TIME","VERSION_MAJOR","VERSION_MINOR","RESERVED1","RESERVED2","SORT_NO") VALUES('1542161998919','1542161998902','ZFY','总费用','ZFY','总费用','NUMERIC',14,2,null,1,2,'DECIMAL',0,0,0,0,0,null,null,'superadmin','2018-11-14 10:19:58.818000',null,null,null,null,1,0,null,null,17);
INSERT INTO "BIGDATA"."DATASOURCE_DATACOLUMN"("OID","DATASET_ID","NAME","CAPTION","CODE","DESCRIPTION","COLUMN_TYPE","COLUMN_LENGTH","COLUMN_SCALE","DEFAULT_VALUE","NULLABLE","JDBC_TYPE","JAVA_TYPE","IS_IDENTITY","IDENTITY_SEED","IDENTITY_INCR","DEGREE","IS_PUBLIC","DICT_ID","STANDARD_COLUMN_ID","CREATOR","CREATE_TIME","MODIFIER","MODIFY_TIME","OWNER","OWN_TIME","VERSION_MAJOR","VERSION_MINOR","RESERVED1","RESERVED2","SORT_NO") VALUES('1542161998920','1542161998902','YF','药费','YF','药费','NUMERIC',14,2,null,1,2,'DECIMAL',0,0,0,0,0,null,null,'superadmin','2018-11-14 10:19:58.818000',null,null,null,null,1,0,null,null,18);
INSERT INTO "BIGDATA"."DATASOURCE_DATACOLUMN"("OID","DATASET_ID","NAME","CAPTION","CODE","DESCRIPTION","COLUMN_TYPE","COLUMN_LENGTH","COLUMN_SCALE","DEFAULT_VALUE","NULLABLE","JDBC_TYPE","JAVA_TYPE","IS_IDENTITY","IDENTITY_SEED","IDENTITY_INCR","DEGREE","IS_PUBLIC","DICT_ID","STANDARD_COLUMN_ID","CREATOR","CREATE_TIME","MODIFIER","MODIFY_TIME","OWNER","OWN_TIME","VERSION_MAJOR","VERSION_MINOR","RESERVED1","RESERVED2","SORT_NO") VALUES('1542161998921','1542161998902','XMF','项目费','XMF','项目费','NUMERIC',14,2,null,1,2,'DECIMAL',0,0,0,0,0,null,null,'superadmin','2018-11-14 10:19:58.818000',null,null,null,null,1,0,null,null,19);
INSERT INTO "BIGDATA"."DATASOURCE_DATACOLUMN"("OID","DATASET_ID","NAME","CAPTION","CODE","DESCRIPTION","COLUMN_TYPE","COLUMN_LENGTH","COLUMN_SCALE","DEFAULT_VALUE","NULLABLE","JDBC_TYPE","JAVA_TYPE","IS_IDENTITY","IDENTITY_SEED","IDENTITY_INCR","DEGREE","IS_PUBLIC","DICT_ID","STANDARD_COLUMN_ID","CREATOR","CREATE_TIME","MODIFIER","MODIFY_TIME","OWNER","OWN_TIME","VERSION_MAJOR","VERSION_MINOR","RESERVED1","RESERVED2","SORT_NO") VALUES('1542161998922','1542161998902','TCFWFY','统筹范围费用','TCFWFY','统筹范围费用','NUMERIC',14,2,null,1,2,'DECIMAL',0,0,0,0,0,null,null,'superadmin','2018-11-14 10:19:58.818000',null,null,null,null,1,0,null,null,20);
INSERT INTO "BIGDATA"."DATASOURCE_DATACOLUMN"("OID","DATASET_ID","NAME","CAPTION","CODE","DESCRIPTION","COLUMN_TYPE","COLUMN_LENGTH","COLUMN_SCALE","DEFAULT_VALUE","NULLABLE","JDBC_TYPE","JAVA_TYPE","IS_IDENTITY","IDENTITY_SEED","IDENTITY_INCR","DEGREE","IS_PUBLIC","DICT_ID","STANDARD_COLUMN_ID","CREATOR","CREATE_TIME","MODIFIER","MODIFY_TIME","OWNER","OWN_TIME","VERSION_MAJOR","VERSION_MINOR","RESERVED1","RESERVED2","SORT_NO") VALUES('1542161998923','1542161998902','QCGRZH','期初个人账户','QCGRZH','期初个人账户','NUMERIC',14,2,null,1,2,'DECIMAL',0,0,0,0,0,null,null,'superadmin','2018-11-14 10:19:58.818000',null,null,null,null,1,0,null,null,21);
INSERT INTO "BIGDATA"."DATASOURCE_DATACOLUMN"("OID","DATASET_ID","NAME","CAPTION","CODE","DESCRIPTION","COLUMN_TYPE","COLUMN_LENGTH","COLUMN_SCALE","DEFAULT_VALUE","NULLABLE","JDBC_TYPE","JAVA_TYPE","IS_IDENTITY","IDENTITY_SEED","IDENTITY_INCR","DEGREE","IS_PUBLIC","DICT_ID","STANDARD_COLUMN_ID","CREATOR","CREATE_TIME","MODIFIER","MODIFY_TIME","OWNER","OWN_TIME","VERSION_MAJOR","VERSION_MINOR","RESERVED1","RESERVED2","SORT_NO") VALUES('1542161998924','1542161998902','GRZHZF','个人账户支付','GRZHZF','个人账户支付','NUMERIC',14,2,null,1,2,'DECIMAL',0,0,0,0,0,null,null,'superadmin','2018-11-14 10:19:58.818000',null,null,null,null,1,0,null,null,22);
INSERT INTO "BIGDATA"."DATASOURCE_DATACOLUMN"("OID","DATASET_ID","NAME","CAPTION","CODE","DESCRIPTION","COLUMN_TYPE","COLUMN_LENGTH","COLUMN_SCALE","DEFAULT_VALUE","NULLABLE","JDBC_TYPE","JAVA_TYPE","IS_IDENTITY","IDENTITY_SEED","IDENTITY_INCR","DEGREE","IS_PUBLIC","DICT_ID","STANDARD_COLUMN_ID","CREATOR","CREATE_TIME","MODIFIER","MODIFY_TIME","OWNER","OWN_TIME","VERSION_MAJOR","VERSION_MINOR","RESERVED1","RESERVED2","SORT_NO") VALUES('1542161998925','1542161998902','TCZF','统筹支付','TCZF','统筹支付','NUMERIC',14,2,null,1,2,'DECIMAL',0,0,0,0,0,null,null,'superadmin','2018-11-14 10:19:58.818000',null,null,null,null,1,0,null,null,23);
INSERT INTO "BIGDATA"."DATASOURCE_DATACOLUMN"("OID","DATASET_ID","NAME","CAPTION","CODE","DESCRIPTION","COLUMN_TYPE","COLUMN_LENGTH","COLUMN_SCALE","DEFAULT_VALUE","NULLABLE","JDBC_TYPE","JAVA_TYPE","IS_IDENTITY","IDENTITY_SEED","IDENTITY_INCR","DEGREE","IS_PUBLIC","DICT_ID","STANDARD_COLUMN_ID","CREATOR","CREATE_TIME","MODIFIER","MODIFY_TIME","OWNER","OWN_TIME","VERSION_MAJOR","VERSION_MINOR","RESERVED1","RESERVED2","SORT_NO") VALUES('1542161998926','1542161998902','DBZF','大病支付','DBZF','大病支付','NUMERIC',14,2,null,1,2,'DECIMAL',0,0,0,0,0,null,null,'superadmin','2018-11-14 10:19:58.818000',null,null,null,null,1,0,null,null,24);
INSERT INTO "BIGDATA"."DATASOURCE_DATACOLUMN"("OID","DATASET_ID","NAME","CAPTION","CODE","DESCRIPTION","COLUMN_TYPE","COLUMN_LENGTH","COLUMN_SCALE","DEFAULT_VALUE","NULLABLE","JDBC_TYPE","JAVA_TYPE","IS_IDENTITY","IDENTITY_SEED","IDENTITY_INCR","DEGREE","IS_PUBLIC","DICT_ID","STANDARD_COLUMN_ID","CREATOR","CREATE_TIME","MODIFIER","MODIFY_TIME","OWNER","OWN_TIME","VERSION_MAJOR","VERSION_MINOR","RESERVED1","RESERVED2","SORT_NO") VALUES('1542161998927','1542161998902','GRZF','个人自付','GRZF','个人自付','NUMERIC',14,2,null,1,2,'DECIMAL',0,0,0,0,0,null,null,'superadmin','2018-11-14 10:19:58.818000',null,null,null,null,1,0,null,null,25);
INSERT INTO "BIGDATA"."DATASOURCE_DATACOLUMN"("OID","DATASET_ID","NAME","CAPTION","CODE","DESCRIPTION","COLUMN_TYPE","COLUMN_LENGTH","COLUMN_SCALE","DEFAULT_VALUE","NULLABLE","JDBC_TYPE","JAVA_TYPE","IS_IDENTITY","IDENTITY_SEED","IDENTITY_INCR","DEGREE","IS_PUBLIC","DICT_ID","STANDARD_COLUMN_ID","CREATOR","CREATE_TIME","MODIFIER","MODIFY_TIME","OWNER","OWN_TIME","VERSION_MAJOR","VERSION_MINOR","RESERVED1","RESERVED2","SORT_NO") VALUES('1542161998928','1542161998902','GRZL','个人自理','GRZL','个人自理','NUMERIC',14,2,null,1,2,'DECIMAL',0,0,0,0,0,null,null,'superadmin','2018-11-14 10:19:58.818000',null,null,null,null,1,0,null,null,26);
INSERT INTO "BIGDATA"."DATASOURCE_DATACOLUMN"("OID","DATASET_ID","NAME","CAPTION","CODE","DESCRIPTION","COLUMN_TYPE","COLUMN_LENGTH","COLUMN_SCALE","DEFAULT_VALUE","NULLABLE","JDBC_TYPE","JAVA_TYPE","IS_IDENTITY","IDENTITY_SEED","IDENTITY_INCR","DEGREE","IS_PUBLIC","DICT_ID","STANDARD_COLUMN_ID","CREATOR","CREATE_TIME","MODIFIER","MODIFY_TIME","OWNER","OWN_TIME","VERSION_MAJOR","VERSION_MINOR","RESERVED1","RESERVED2","SORT_NO") VALUES('1542161998929','1542161998902','SFJSTZ','是否结算特征','SFJSTZ','是否结算特征','VARCHAR',64,0,null,1,12,'STRING',0,0,0,0,0,null,null,'superadmin','2018-11-14 10:19:58.818000',null,null,null,null,1,0,null,null,27);
INSERT INTO "BIGDATA"."DATASOURCE_DATACOLUMN"("OID","DATASET_ID","NAME","CAPTION","CODE","DESCRIPTION","COLUMN_TYPE","COLUMN_LENGTH","COLUMN_SCALE","DEFAULT_VALUE","NULLABLE","JDBC_TYPE","JAVA_TYPE","IS_IDENTITY","IDENTITY_SEED","IDENTITY_INCR","DEGREE","IS_PUBLIC","DICT_ID","STANDARD_COLUMN_ID","CREATOR","CREATE_TIME","MODIFIER","MODIFY_TIME","OWNER","OWN_TIME","VERSION_MAJOR","VERSION_MINOR","RESERVED1","RESERVED2","SORT_NO") VALUES('1542161998930','1542161998902','JSSJ','结算时间','JSSJ','结算时间','DATETIME',8,6,null,1,93,'DATETIME',0,0,0,0,0,null,null,'superadmin','2018-11-14 10:19:58.818000',null,null,null,null,1,0,null,null,28);
INSERT INTO "BIGDATA"."DATASOURCE_DATACOLUMN"("OID","DATASET_ID","NAME","CAPTION","CODE","DESCRIPTION","COLUMN_TYPE","COLUMN_LENGTH","COLUMN_SCALE","DEFAULT_VALUE","NULLABLE","JDBC_TYPE","JAVA_TYPE","IS_IDENTITY","IDENTITY_SEED","IDENTITY_INCR","DEGREE","IS_PUBLIC","DICT_ID","STANDARD_COLUMN_ID","CREATOR","CREATE_TIME","MODIFIER","MODIFY_TIME","OWNER","OWN_TIME","VERSION_MAJOR","VERSION_MINOR","RESERVED1","RESERVED2","SORT_NO") VALUES('1542161998931','1542161998902','XZM','险种码','XZM','险种码','VARCHAR',64,0,null,1,12,'STRING',0,0,0,0,0,null,null,'superadmin','2018-11-14 10:19:58.818000',null,null,null,null,1,0,null,null,29);
INSERT INTO "BIGDATA"."DATASOURCE_DATACOLUMN"("OID","DATASET_ID","NAME","CAPTION","CODE","DESCRIPTION","COLUMN_TYPE","COLUMN_LENGTH","COLUMN_SCALE","DEFAULT_VALUE","NULLABLE","JDBC_TYPE","JAVA_TYPE","IS_IDENTITY","IDENTITY_SEED","IDENTITY_INCR","DEGREE","IS_PUBLIC","DICT_ID","STANDARD_COLUMN_ID","CREATOR","CREATE_TIME","MODIFIER","MODIFY_TIME","OWNER","OWN_TIME","VERSION_MAJOR","VERSION_MINOR","RESERVED1","RESERVED2","SORT_NO") VALUES('1542161998932','1542161998902','ZYKSM','住院科室码','ZYKSM','住院科室码','VARCHAR',200,0,null,1,12,'STRING',0,0,0,0,0,null,null,'superadmin','2018-11-14 10:19:58.818000',null,null,null,null,1,0,null,null,30);
INSERT INTO "BIGDATA"."DATASOURCE_DATACOLUMN"("OID","DATASET_ID","NAME","CAPTION","CODE","DESCRIPTION","COLUMN_TYPE","COLUMN_LENGTH","COLUMN_SCALE","DEFAULT_VALUE","NULLABLE","JDBC_TYPE","JAVA_TYPE","IS_IDENTITY","IDENTITY_SEED","IDENTITY_INCR","DEGREE","IS_PUBLIC","DICT_ID","STANDARD_COLUMN_ID","CREATOR","CREATE_TIME","MODIFIER","MODIFY_TIME","OWNER","OWN_TIME","VERSION_MAJOR","VERSION_MINOR","RESERVED1","RESERVED2","SORT_NO") VALUES('1542161998933','1542161998902','CYYYM','出院医院码','CYYYM','出院医院码','VARCHAR',200,0,null,1,12,'STRING',0,0,0,0,0,null,null,'superadmin','2018-11-14 10:19:58.818000',null,null,null,null,1,0,null,null,31);
INSERT INTO "BIGDATA"."DATASOURCE_DATACOLUMN"("OID","DATASET_ID","NAME","CAPTION","CODE","DESCRIPTION","COLUMN_TYPE","COLUMN_LENGTH","COLUMN_SCALE","DEFAULT_VALUE","NULLABLE","JDBC_TYPE","JAVA_TYPE","IS_IDENTITY","IDENTITY_SEED","IDENTITY_INCR","DEGREE","IS_PUBLIC","DICT_ID","STANDARD_COLUMN_ID","CREATOR","CREATE_TIME","MODIFIER","MODIFY_TIME","OWNER","OWN_TIME","VERSION_MAJOR","VERSION_MINOR","RESERVED1","RESERVED2","SORT_NO") VALUES('1542161998934','1542161998902','CYYYMC','出院医院名称','CYYYMC','出院医院名称','VARCHAR',200,0,null,1,12,'STRING',0,0,0,0,0,null,null,'superadmin','2018-11-14 10:19:58.818000',null,null,null,null,1,0,null,null,32);
INSERT INTO "BIGDATA"."DATASOURCE_DATACOLUMN"("OID","DATASET_ID","NAME","CAPTION","CODE","DESCRIPTION","COLUMN_TYPE","COLUMN_LENGTH","COLUMN_SCALE","DEFAULT_VALUE","NULLABLE","JDBC_TYPE","JAVA_TYPE","IS_IDENTITY","IDENTITY_SEED","IDENTITY_INCR","DEGREE","IS_PUBLIC","DICT_ID","STANDARD_COLUMN_ID","CREATOR","CREATE_TIME","MODIFIER","MODIFY_TIME","OWNER","OWN_TIME","VERSION_MAJOR","VERSION_MINOR","RESERVED1","RESERVED2","SORT_NO") VALUES('1542161998935','1542161998902','XB','性别','XB','性别','VARCHAR',64,0,null,1,12,'STRING',0,0,0,0,0,null,null,'superadmin','2018-11-14 10:19:58.818000',null,null,null,null,1,0,null,null,33);
INSERT INTO "BIGDATA"."DATASOURCE_DATACOLUMN"("OID","DATASET_ID","NAME","CAPTION","CODE","DESCRIPTION","COLUMN_TYPE","COLUMN_LENGTH","COLUMN_SCALE","DEFAULT_VALUE","NULLABLE","JDBC_TYPE","JAVA_TYPE","IS_IDENTITY","IDENTITY_SEED","IDENTITY_INCR","DEGREE","IS_PUBLIC","DICT_ID","STANDARD_COLUMN_ID","CREATOR","CREATE_TIME","MODIFIER","MODIFY_TIME","OWNER","OWN_TIME","VERSION_MAJOR","VERSION_MINOR","RESERVED1","RESERVED2","SORT_NO") VALUES('1542161998936','1542161998902','NL','年龄','NL','年龄','INT',4,0,null,1,4,'INTEGER',0,0,0,0,0,null,null,'superadmin','2018-11-14 10:19:58.818000',null,null,null,null,1,0,null,null,34);
INSERT INTO "BIGDATA"."DATASOURCE_DATACOLUMN"("OID","DATASET_ID","NAME","CAPTION","CODE","DESCRIPTION","COLUMN_TYPE","COLUMN_LENGTH","COLUMN_SCALE","DEFAULT_VALUE","NULLABLE","JDBC_TYPE","JAVA_TYPE","IS_IDENTITY","IDENTITY_SEED","IDENTITY_INCR","DEGREE","IS_PUBLIC","DICT_ID","STANDARD_COLUMN_ID","CREATOR","CREATE_TIME","MODIFIER","MODIFY_TIME","OWNER","OWN_TIME","VERSION_MAJOR","VERSION_MINOR","RESERVED1","RESERVED2","SORT_NO") VALUES('1542161998937','1542161998902','QMGRZH','期末个人账户','QMGRZH','期末个人账户','NUMERIC',14,2,null,1,2,'DECIMAL',0,0,0,0,0,null,null,'superadmin','2018-11-14 10:19:58.818000',null,null,null,null,1,0,null,null,35);
INSERT INTO "BIGDATA"."DATASOURCE_DATACOLUMN"("OID","DATASET_ID","NAME","CAPTION","CODE","DESCRIPTION","COLUMN_TYPE","COLUMN_LENGTH","COLUMN_SCALE","DEFAULT_VALUE","NULLABLE","JDBC_TYPE","JAVA_TYPE","IS_IDENTITY","IDENTITY_SEED","IDENTITY_INCR","DEGREE","IS_PUBLIC","DICT_ID","STANDARD_COLUMN_ID","CREATOR","CREATE_TIME","MODIFIER","MODIFY_TIME","OWNER","OWN_TIME","VERSION_MAJOR","VERSION_MINOR","RESERVED1","RESERVED2","SORT_NO") VALUES('1542161998938','1542161998902','CZR','操作人','CZR','操作人','VARCHAR',200,0,null,1,12,'STRING',0,0,0,0,0,null,null,'superadmin','2018-11-14 10:19:58.818000',null,null,null,null,1,0,null,null,36);
INSERT INTO "BIGDATA"."DATASOURCE_DATACOLUMN"("OID","DATASET_ID","NAME","CAPTION","CODE","DESCRIPTION","COLUMN_TYPE","COLUMN_LENGTH","COLUMN_SCALE","DEFAULT_VALUE","NULLABLE","JDBC_TYPE","JAVA_TYPE","IS_IDENTITY","IDENTITY_SEED","IDENTITY_INCR","DEGREE","IS_PUBLIC","DICT_ID","STANDARD_COLUMN_ID","CREATOR","CREATE_TIME","MODIFIER","MODIFY_TIME","OWNER","OWN_TIME","VERSION_MAJOR","VERSION_MINOR","RESERVED1","RESERVED2","SORT_NO") VALUES('1542161998939','1542161998902','CZSJ','操作时间','CZSJ','操作时间','DATETIME',8,6,null,1,93,'DATETIME',0,0,0,0,0,null,null,'superadmin','2018-11-14 10:19:58.818000',null,null,null,null,1,0,null,null,37);
INSERT INTO "BIGDATA"."DATASOURCE_DATACOLUMN"("OID","DATASET_ID","NAME","CAPTION","CODE","DESCRIPTION","COLUMN_TYPE","COLUMN_LENGTH","COLUMN_SCALE","DEFAULT_VALUE","NULLABLE","JDBC_TYPE","JAVA_TYPE","IS_IDENTITY","IDENTITY_SEED","IDENTITY_INCR","DEGREE","IS_PUBLIC","DICT_ID","STANDARD_COLUMN_ID","CREATOR","CREATE_TIME","MODIFIER","MODIFY_TIME","OWNER","OWN_TIME","VERSION_MAJOR","VERSION_MINOR","RESERVED1","RESERVED2","SORT_NO") VALUES('1542161998940','1542161998902','SHR','审核人','SHR','审核人','VARCHAR',200,0,null,1,12,'STRING',0,0,0,0,0,null,null,'superadmin','2018-11-14 10:19:58.818000',null,null,null,null,1,0,null,null,38);
INSERT INTO "BIGDATA"."DATASOURCE_DATACOLUMN"("OID","DATASET_ID","NAME","CAPTION","CODE","DESCRIPTION","COLUMN_TYPE","COLUMN_LENGTH","COLUMN_SCALE","DEFAULT_VALUE","NULLABLE","JDBC_TYPE","JAVA_TYPE","IS_IDENTITY","IDENTITY_SEED","IDENTITY_INCR","DEGREE","IS_PUBLIC","DICT_ID","STANDARD_COLUMN_ID","CREATOR","CREATE_TIME","MODIFIER","MODIFY_TIME","OWNER","OWN_TIME","VERSION_MAJOR","VERSION_MINOR","RESERVED1","RESERVED2","SORT_NO") VALUES('1542161998941','1542161998902','SHSJ','审核时间','SHSJ','审核时间','DATETIME',8,6,null,1,93,'DATETIME',0,0,0,0,0,null,null,'superadmin','2018-11-14 10:19:58.818000',null,null,null,null,1,0,null,null,39);
INSERT INTO "BIGDATA"."DATASOURCE_DATACOLUMN"("OID","DATASET_ID","NAME","CAPTION","CODE","DESCRIPTION","COLUMN_TYPE","COLUMN_LENGTH","COLUMN_SCALE","DEFAULT_VALUE","NULLABLE","JDBC_TYPE","JAVA_TYPE","IS_IDENTITY","IDENTITY_SEED","IDENTITY_INCR","DEGREE","IS_PUBLIC","DICT_ID","STANDARD_COLUMN_ID","CREATOR","CREATE_TIME","MODIFIER","MODIFY_TIME","OWNER","OWN_TIME","VERSION_MAJOR","VERSION_MINOR","RESERVED1","RESERVED2","SORT_NO") VALUES('1542161998942','1542161998902','RYYYM','入院医院码','RYYYM','入院医院码','VARCHAR',200,0,null,1,12,'STRING',0,0,0,0,0,null,null,'superadmin','2018-11-14 10:19:58.818000',null,null,null,null,1,0,null,null,40);
INSERT INTO "BIGDATA"."DATASOURCE_DATACOLUMN"("OID","DATASET_ID","NAME","CAPTION","CODE","DESCRIPTION","COLUMN_TYPE","COLUMN_LENGTH","COLUMN_SCALE","DEFAULT_VALUE","NULLABLE","JDBC_TYPE","JAVA_TYPE","IS_IDENTITY","IDENTITY_SEED","IDENTITY_INCR","DEGREE","IS_PUBLIC","DICT_ID","STANDARD_COLUMN_ID","CREATOR","CREATE_TIME","MODIFIER","MODIFY_TIME","OWNER","OWN_TIME","VERSION_MAJOR","VERSION_MINOR","RESERVED1","RESERVED2","SORT_NO") VALUES('1542161998943','1542161998902','RYYYMC','入院医院名称','RYYYMC','入院医院名称','VARCHAR',200,0,null,1,12,'STRING',0,0,0,0,0,null,null,'superadmin','2018-11-14 10:19:58.818000',null,null,null,null,1,0,null,null,41);
INSERT INTO "BIGDATA"."DATASOURCE_DATACOLUMN"("OID","DATASET_ID","NAME","CAPTION","CODE","DESCRIPTION","COLUMN_TYPE","COLUMN_LENGTH","COLUMN_SCALE","DEFAULT_VALUE","NULLABLE","JDBC_TYPE","JAVA_TYPE","IS_IDENTITY","IDENTITY_SEED","IDENTITY_INCR","DEGREE","IS_PUBLIC","DICT_ID","STANDARD_COLUMN_ID","CREATOR","CREATE_TIME","MODIFIER","MODIFY_TIME","OWNER","OWN_TIME","VERSION_MAJOR","VERSION_MINOR","RESERVED1","RESERVED2","SORT_NO") VALUES('1542161998944','1542161998902','BNZYCS','本年住院次数','BNZYCS','本年住院次数','INT',4,0,null,1,4,'INTEGER',0,0,0,0,0,null,null,'superadmin','2018-11-14 10:19:58.818000',null,null,null,null,1,0,null,null,42);
INSERT INTO "BIGDATA"."DATASOURCE_DATACOLUMN"("OID","DATASET_ID","NAME","CAPTION","CODE","DESCRIPTION","COLUMN_TYPE","COLUMN_LENGTH","COLUMN_SCALE","DEFAULT_VALUE","NULLABLE","JDBC_TYPE","JAVA_TYPE","IS_IDENTITY","IDENTITY_SEED","IDENTITY_INCR","DEGREE","IS_PUBLIC","DICT_ID","STANDARD_COLUMN_ID","CREATOR","CREATE_TIME","MODIFIER","MODIFY_TIME","OWNER","OWN_TIME","VERSION_MAJOR","VERSION_MINOR","RESERVED1","RESERVED2","SORT_NO") VALUES('1542161998945','1542161998902','SFLXBX','是否零星报销','SFLXBX','是否零星报销','VARCHAR',64,0,null,1,12,'STRING',0,0,0,0,0,null,null,'superadmin','2018-11-14 10:19:58.818000',null,null,null,null,1,0,null,null,43);
INSERT INTO "BIGDATA"."DATASOURCE_DATACOLUMN"("OID","DATASET_ID","NAME","CAPTION","CODE","DESCRIPTION","COLUMN_TYPE","COLUMN_LENGTH","COLUMN_SCALE","DEFAULT_VALUE","NULLABLE","JDBC_TYPE","JAVA_TYPE","IS_IDENTITY","IDENTITY_SEED","IDENTITY_INCR","DEGREE","IS_PUBLIC","DICT_ID","STANDARD_COLUMN_ID","CREATOR","CREATE_TIME","MODIFIER","MODIFY_TIME","OWNER","OWN_TIME","VERSION_MAJOR","VERSION_MINOR","RESERVED1","RESERVED2","SORT_NO") VALUES('1542162692864','1542162692863','SSDQDM','所属地区代码','SSDQDM','所属地区代码','VARCHAR',8188,0,null,1,12,'STRING',0,0,0,0,0,null,null,'superadmin','2018-11-14 10:31:32.862000',null,null,null,null,1,0,null,null,1);
INSERT INTO "BIGDATA"."DATASOURCE_DATACOLUMN"("OID","DATASET_ID","NAME","CAPTION","CODE","DESCRIPTION","COLUMN_TYPE","COLUMN_LENGTH","COLUMN_SCALE","DEFAULT_VALUE","NULLABLE","JDBC_TYPE","JAVA_TYPE","IS_IDENTITY","IDENTITY_SEED","IDENTITY_INCR","DEGREE","IS_PUBLIC","DICT_ID","STANDARD_COLUMN_ID","CREATOR","CREATE_TIME","MODIFIER","MODIFY_TIME","OWNER","OWN_TIME","VERSION_MAJOR","VERSION_MINOR","RESERVED1","RESERVED2","SORT_NO") VALUES('1542162692866','1542162692863','RYSJ','入院时间','RYSJ','入院时间','TIMESTAMP',0,0,null,1,93,'DATETIME',0,0,0,0,0,null,null,'superadmin','2018-11-14 10:31:32.862000',null,null,null,null,1,0,null,null,2);
INSERT INTO "BIGDATA"."DATASOURCE_DATACOLUMN"("OID","DATASET_ID","NAME","CAPTION","CODE","DESCRIPTION","COLUMN_TYPE","COLUMN_LENGTH","COLUMN_SCALE","DEFAULT_VALUE","NULLABLE","JDBC_TYPE","JAVA_TYPE","IS_IDENTITY","IDENTITY_SEED","IDENTITY_INCR","DEGREE","IS_PUBLIC","DICT_ID","STANDARD_COLUMN_ID","CREATOR","CREATE_TIME","MODIFIER","MODIFY_TIME","OWNER","OWN_TIME","VERSION_MAJOR","VERSION_MINOR","RESERVED1","RESERVED2","SORT_NO") VALUES('1542162692867','1542162692863','CYSJ','出院时间','CYSJ','出院时间','TIMESTAMP',0,0,null,1,93,'DATETIME',0,0,0,0,0,null,null,'superadmin','2018-11-14 10:31:32.862000',null,null,null,null,1,0,null,null,3);
INSERT INTO "BIGDATA"."DATASOURCE_DATACOLUMN"("OID","DATASET_ID","NAME","CAPTION","CODE","DESCRIPTION","COLUMN_TYPE","COLUMN_LENGTH","COLUMN_SCALE","DEFAULT_VALUE","NULLABLE","JDBC_TYPE","JAVA_TYPE","IS_IDENTITY","IDENTITY_SEED","IDENTITY_INCR","DEGREE","IS_PUBLIC","DICT_ID","STANDARD_COLUMN_ID","CREATOR","CREATE_TIME","MODIFIER","MODIFY_TIME","OWNER","OWN_TIME","VERSION_MAJOR","VERSION_MINOR","RESERVED1","RESERVED2","SORT_NO") VALUES('1542162692868','1542162692863','XM','姓名','XM','姓名','VARCHAR',8188,0,null,1,12,'STRING',0,0,0,0,0,null,null,'superadmin','2018-11-14 10:31:32.862000',null,null,null,null,1,0,null,null,4);
INSERT INTO "BIGDATA"."DATASOURCE_DATACOLUMN"("OID","DATASET_ID","NAME","CAPTION","CODE","DESCRIPTION","COLUMN_TYPE","COLUMN_LENGTH","COLUMN_SCALE","DEFAULT_VALUE","NULLABLE","JDBC_TYPE","JAVA_TYPE","IS_IDENTITY","IDENTITY_SEED","IDENTITY_INCR","DEGREE","IS_PUBLIC","DICT_ID","STANDARD_COLUMN_ID","CREATOR","CREATE_TIME","MODIFIER","MODIFY_TIME","OWNER","OWN_TIME","VERSION_MAJOR","VERSION_MINOR","RESERVED1","RESERVED2","SORT_NO") VALUES('1542162692869','1542162692863','SFZH','身份证号','SFZH','身份证号','VARCHAR',8188,0,null,1,12,'STRING',0,0,0,0,0,null,null,'superadmin','2018-11-14 10:31:32.862000',null,null,null,null,1,0,null,null,5);
INSERT INTO "BIGDATA"."DATASOURCE_DATACOLUMN"("OID","DATASET_ID","NAME","CAPTION","CODE","DESCRIPTION","COLUMN_TYPE","COLUMN_LENGTH","COLUMN_SCALE","DEFAULT_VALUE","NULLABLE","JDBC_TYPE","JAVA_TYPE","IS_IDENTITY","IDENTITY_SEED","IDENTITY_INCR","DEGREE","IS_PUBLIC","DICT_ID","STANDARD_COLUMN_ID","CREATOR","CREATE_TIME","MODIFIER","MODIFY_TIME","OWNER","OWN_TIME","VERSION_MAJOR","VERSION_MINOR","RESERVED1","RESERVED2","SORT_NO") VALUES('1542162692870','1542162692863','TCFWFY','统筹范围费用','TCFWFY','统筹范围费用','DOUBLE',0,0,null,1,8,'DOUBLE',0,0,0,0,0,null,null,'superadmin','2018-11-14 10:31:32.862000',null,null,null,null,1,0,null,null,6);
INSERT INTO "BIGDATA"."DATASOURCE_DATACOLUMN"("OID","DATASET_ID","NAME","CAPTION","CODE","DESCRIPTION","COLUMN_TYPE","COLUMN_LENGTH","COLUMN_SCALE","DEFAULT_VALUE","NULLABLE","JDBC_TYPE","JAVA_TYPE","IS_IDENTITY","IDENTITY_SEED","IDENTITY_INCR","DEGREE","IS_PUBLIC","DICT_ID","STANDARD_COLUMN_ID","CREATOR","CREATE_TIME","MODIFIER","MODIFY_TIME","OWNER","OWN_TIME","VERSION_MAJOR","VERSION_MINOR","RESERVED1","RESERVED2","SORT_NO") VALUES('1542162692872','1542162692863','XB','性别','XB','性别','VARCHAR',8188,0,null,1,12,'STRING',0,0,0,0,0,null,null,'superadmin','2018-11-14 10:31:32.862000',null,null,null,null,1,0,null,null,7);
INSERT INTO "BIGDATA"."DATASOURCE_DATACOLUMN"("OID","DATASET_ID","NAME","CAPTION","CODE","DESCRIPTION","COLUMN_TYPE","COLUMN_LENGTH","COLUMN_SCALE","DEFAULT_VALUE","NULLABLE","JDBC_TYPE","JAVA_TYPE","IS_IDENTITY","IDENTITY_SEED","IDENTITY_INCR","DEGREE","IS_PUBLIC","DICT_ID","STANDARD_COLUMN_ID","CREATOR","CREATE_TIME","MODIFIER","MODIFY_TIME","OWNER","OWN_TIME","VERSION_MAJOR","VERSION_MINOR","RESERVED1","RESERVED2","SORT_NO") VALUES('1542162692873','1542162692863','NL','年龄','NL','年龄','BIGINT',0,0,null,1,-5,'LONG',0,0,0,0,0,null,null,'superadmin','2018-11-14 10:31:32.862000',null,null,null,null,1,0,null,null,8);
INSERT INTO "BIGDATA"."DATASOURCE_DATACOLUMN"("OID","DATASET_ID","NAME","CAPTION","CODE","DESCRIPTION","COLUMN_TYPE","COLUMN_LENGTH","COLUMN_SCALE","DEFAULT_VALUE","NULLABLE","JDBC_TYPE","JAVA_TYPE","IS_IDENTITY","IDENTITY_SEED","IDENTITY_INCR","DEGREE","IS_PUBLIC","DICT_ID","STANDARD_COLUMN_ID","CREATOR","CREATE_TIME","MODIFIER","MODIFY_TIME","OWNER","OWN_TIME","VERSION_MAJOR","VERSION_MINOR","RESERVED1","RESERVED2","SORT_NO") VALUES('1542162692874','1542162692863','XZM','险种码','XZM','险种码','VARCHAR',8188,0,null,1,12,'STRING',0,0,0,0,0,null,null,'superadmin','2018-11-14 10:31:32.862000',null,null,null,null,1,0,null,null,9);
INSERT INTO "BIGDATA"."DATASOURCE_DATACOLUMN"("OID","DATASET_ID","NAME","CAPTION","CODE","DESCRIPTION","COLUMN_TYPE","COLUMN_LENGTH","COLUMN_SCALE","DEFAULT_VALUE","NULLABLE","JDBC_TYPE","JAVA_TYPE","IS_IDENTITY","IDENTITY_SEED","IDENTITY_INCR","DEGREE","IS_PUBLIC","DICT_ID","STANDARD_COLUMN_ID","CREATOR","CREATE_TIME","MODIFIER","MODIFY_TIME","OWNER","OWN_TIME","VERSION_MAJOR","VERSION_MINOR","RESERVED1","RESERVED2","SORT_NO") VALUES('1542162692875','1542162692863','SSDQMC','所属地区名称','SSDQMC','所属地区名称','VARCHAR',8188,0,null,1,12,'STRING',0,0,0,0,0,null,null,'superadmin','2018-11-14 10:31:32.862000',null,null,null,null,1,0,null,null,10);
INSERT INTO "BIGDATA"."DATASOURCE_DATACOLUMN"("OID","DATASET_ID","NAME","CAPTION","CODE","DESCRIPTION","COLUMN_TYPE","COLUMN_LENGTH","COLUMN_SCALE","DEFAULT_VALUE","NULLABLE","JDBC_TYPE","JAVA_TYPE","IS_IDENTITY","IDENTITY_SEED","IDENTITY_INCR","DEGREE","IS_PUBLIC","DICT_ID","STANDARD_COLUMN_ID","CREATOR","CREATE_TIME","MODIFIER","MODIFY_TIME","OWNER","OWN_TIME","VERSION_MAJOR","VERSION_MINOR","RESERVED1","RESERVED2","SORT_NO") VALUES('1542162746286','1542162746285','SSDQDM','所属地区代码','SSDQDM','所属地区代码','VARCHAR',8188,0,null,1,12,'STRING',0,0,0,0,0,null,null,'superadmin','2018-11-14 10:32:26.273000',null,null,null,null,1,0,null,null,1);
INSERT INTO "BIGDATA"."DATASOURCE_DATACOLUMN"("OID","DATASET_ID","NAME","CAPTION","CODE","DESCRIPTION","COLUMN_TYPE","COLUMN_LENGTH","COLUMN_SCALE","DEFAULT_VALUE","NULLABLE","JDBC_TYPE","JAVA_TYPE","IS_IDENTITY","IDENTITY_SEED","IDENTITY_INCR","DEGREE","IS_PUBLIC","DICT_ID","STANDARD_COLUMN_ID","CREATOR","CREATE_TIME","MODIFIER","MODIFY_TIME","OWNER","OWN_TIME","VERSION_MAJOR","VERSION_MINOR","RESERVED1","RESERVED2","SORT_NO") VALUES('1542162746287','1542162746285','RYSJ','入院时间','RYSJ','入院时间','TIMESTAMP',0,0,null,1,93,'DATETIME',0,0,0,0,0,null,null,'superadmin','2018-11-14 10:32:26.273000',null,null,null,null,1,0,null,null,2);
INSERT INTO "BIGDATA"."DATASOURCE_DATACOLUMN"("OID","DATASET_ID","NAME","CAPTION","CODE","DESCRIPTION","COLUMN_TYPE","COLUMN_LENGTH","COLUMN_SCALE","DEFAULT_VALUE","NULLABLE","JDBC_TYPE","JAVA_TYPE","IS_IDENTITY","IDENTITY_SEED","IDENTITY_INCR","DEGREE","IS_PUBLIC","DICT_ID","STANDARD_COLUMN_ID","CREATOR","CREATE_TIME","MODIFIER","MODIFY_TIME","OWNER","OWN_TIME","VERSION_MAJOR","VERSION_MINOR","RESERVED1","RESERVED2","SORT_NO") VALUES('1542162746288','1542162746285','CYSJ','出院时间','CYSJ','出院时间','TIMESTAMP',0,0,null,1,93,'DATETIME',0,0,0,0,0,null,null,'superadmin','2018-11-14 10:32:26.273000',null,null,null,null,1,0,null,null,3);
INSERT INTO "BIGDATA"."DATASOURCE_DATACOLUMN"("OID","DATASET_ID","NAME","CAPTION","CODE","DESCRIPTION","COLUMN_TYPE","COLUMN_LENGTH","COLUMN_SCALE","DEFAULT_VALUE","NULLABLE","JDBC_TYPE","JAVA_TYPE","IS_IDENTITY","IDENTITY_SEED","IDENTITY_INCR","DEGREE","IS_PUBLIC","DICT_ID","STANDARD_COLUMN_ID","CREATOR","CREATE_TIME","MODIFIER","MODIFY_TIME","OWNER","OWN_TIME","VERSION_MAJOR","VERSION_MINOR","RESERVED1","RESERVED2","SORT_NO") VALUES('1542162746289','1542162746285','XM','姓名','XM','姓名','VARCHAR',8188,0,null,1,12,'STRING',0,0,0,0,0,null,null,'superadmin','2018-11-14 10:32:26.273000',null,null,null,null,1,0,null,null,4);
INSERT INTO "BIGDATA"."DATASOURCE_DATACOLUMN"("OID","DATASET_ID","NAME","CAPTION","CODE","DESCRIPTION","COLUMN_TYPE","COLUMN_LENGTH","COLUMN_SCALE","DEFAULT_VALUE","NULLABLE","JDBC_TYPE","JAVA_TYPE","IS_IDENTITY","IDENTITY_SEED","IDENTITY_INCR","DEGREE","IS_PUBLIC","DICT_ID","STANDARD_COLUMN_ID","CREATOR","CREATE_TIME","MODIFIER","MODIFY_TIME","OWNER","OWN_TIME","VERSION_MAJOR","VERSION_MINOR","RESERVED1","RESERVED2","SORT_NO") VALUES('1542162746290','1542162746285','SFZH','身份证号','SFZH','身份证号','VARCHAR',8188,0,null,1,12,'STRING',0,0,0,0,0,null,null,'superadmin','2018-11-14 10:32:26.273000',null,null,null,null,1,0,null,null,5);
INSERT INTO "BIGDATA"."DATASOURCE_DATACOLUMN"("OID","DATASET_ID","NAME","CAPTION","CODE","DESCRIPTION","COLUMN_TYPE","COLUMN_LENGTH","COLUMN_SCALE","DEFAULT_VALUE","NULLABLE","JDBC_TYPE","JAVA_TYPE","IS_IDENTITY","IDENTITY_SEED","IDENTITY_INCR","DEGREE","IS_PUBLIC","DICT_ID","STANDARD_COLUMN_ID","CREATOR","CREATE_TIME","MODIFIER","MODIFY_TIME","OWNER","OWN_TIME","VERSION_MAJOR","VERSION_MINOR","RESERVED1","RESERVED2","SORT_NO") VALUES('1542162746291','1542162746285','TCFWFY','统筹范围费用','TCFWFY','统筹范围费用','DOUBLE',0,0,null,1,8,'DOUBLE',0,0,0,0,0,null,null,'superadmin','2018-11-14 10:32:26.273000',null,null,null,null,1,0,null,null,6);
INSERT INTO "BIGDATA"."DATASOURCE_DATACOLUMN"("OID","DATASET_ID","NAME","CAPTION","CODE","DESCRIPTION","COLUMN_TYPE","COLUMN_LENGTH","COLUMN_SCALE","DEFAULT_VALUE","NULLABLE","JDBC_TYPE","JAVA_TYPE","IS_IDENTITY","IDENTITY_SEED","IDENTITY_INCR","DEGREE","IS_PUBLIC","DICT_ID","STANDARD_COLUMN_ID","CREATOR","CREATE_TIME","MODIFIER","MODIFY_TIME","OWNER","OWN_TIME","VERSION_MAJOR","VERSION_MINOR","RESERVED1","RESERVED2","SORT_NO") VALUES('1542162746293','1542162746285','XB','性别','XB','性别','VARCHAR',8188,0,null,1,12,'STRING',0,0,0,0,0,null,null,'superadmin','2018-11-14 10:32:26.273000',null,null,null,null,1,0,null,null,7);
INSERT INTO "BIGDATA"."DATASOURCE_DATACOLUMN"("OID","DATASET_ID","NAME","CAPTION","CODE","DESCRIPTION","COLUMN_TYPE","COLUMN_LENGTH","COLUMN_SCALE","DEFAULT_VALUE","NULLABLE","JDBC_TYPE","JAVA_TYPE","IS_IDENTITY","IDENTITY_SEED","IDENTITY_INCR","DEGREE","IS_PUBLIC","DICT_ID","STANDARD_COLUMN_ID","CREATOR","CREATE_TIME","MODIFIER","MODIFY_TIME","OWNER","OWN_TIME","VERSION_MAJOR","VERSION_MINOR","RESERVED1","RESERVED2","SORT_NO") VALUES('1542162746294','1542162746285','NL','年龄','NL','年龄','BIGINT',0,0,null,1,-5,'LONG',0,0,0,0,0,null,null,'superadmin','2018-11-14 10:32:26.273000',null,null,null,null,1,0,null,null,8);
INSERT INTO "BIGDATA"."DATASOURCE_DATACOLUMN"("OID","DATASET_ID","NAME","CAPTION","CODE","DESCRIPTION","COLUMN_TYPE","COLUMN_LENGTH","COLUMN_SCALE","DEFAULT_VALUE","NULLABLE","JDBC_TYPE","JAVA_TYPE","IS_IDENTITY","IDENTITY_SEED","IDENTITY_INCR","DEGREE","IS_PUBLIC","DICT_ID","STANDARD_COLUMN_ID","CREATOR","CREATE_TIME","MODIFIER","MODIFY_TIME","OWNER","OWN_TIME","VERSION_MAJOR","VERSION_MINOR","RESERVED1","RESERVED2","SORT_NO") VALUES('1542162746295','1542162746285','SSDQMC','所属地区名称','SSDQMC','所属地区名称','VARCHAR',8188,0,null,1,12,'STRING',0,0,0,0,0,null,null,'superadmin','2018-11-14 10:32:26.273000',null,null,null,null,1,0,null,null,9);

INSERT INTO "BIGDATA"."DATASOURCE_DATASET"("OID","DATASOURCE_ID","DATASOURCE_TYPE","DATASOURCE_TYPE_VERSION","NAME","CAPTION","CODE","DESCRIPTION","TYPE","CATALOG_NAME","SCHEMA_NAME","ROW_COUNT","COUNT_TIME","DATA_UPDATE_TIME","PRIMARY_KEYS","PARAM","QUERY_SQL","NODE_ID","ORG_ID","DEGREE","STATUS","CREATOR","CREATE_TIME","MODIFIER","MODIFY_TIME","OWNER","OWN_TIME","VERSION_MAJOR","VERSION_MINOR","RESERVED1","RESERVED2","SORT_NO") VALUES('1542094610375','1542094599475',1,'DM7','CBGRJBXX','参保个人基本信息','CBGRJBXX','参保个人基本信息',1,null,'TEST',0,null,null,null,null,null,null,null,0,1,'superadmin','2018-11-13 15:36:50.370000',null,null,null,null,1,0,null,null,1);
INSERT INTO "BIGDATA"."DATASOURCE_DATASET"("OID","DATASOURCE_ID","DATASOURCE_TYPE","DATASOURCE_TYPE_VERSION","NAME","CAPTION","CODE","DESCRIPTION","TYPE","CATALOG_NAME","SCHEMA_NAME","ROW_COUNT","COUNT_TIME","DATA_UPDATE_TIME","PRIMARY_KEYS","PARAM","QUERY_SQL","NODE_ID","ORG_ID","DEGREE","STATUS","CREATOR","CREATE_TIME","MODIFIER","MODIFY_TIME","OWNER","OWN_TIME","VERSION_MAJOR","VERSION_MINOR","RESERVED1","RESERVED2","SORT_NO") VALUES('1542094610396','1542094599475',1,'DM7','CBSWRYXX','参保死亡人员信息','CBSWRYXX','参保死亡人员信息',1,null,'TEST',0,null,null,null,null,null,null,null,0,1,'superadmin','2018-11-13 15:36:50.373000',null,null,null,null,1,0,null,null,2);
INSERT INTO "BIGDATA"."DATASOURCE_DATASET"("OID","DATASOURCE_ID","DATASOURCE_TYPE","DATASOURCE_TYPE_VERSION","NAME","CAPTION","CODE","DESCRIPTION","TYPE","CATALOG_NAME","SCHEMA_NAME","ROW_COUNT","COUNT_TIME","DATA_UPDATE_TIME","PRIMARY_KEYS","PARAM","QUERY_SQL","NODE_ID","ORG_ID","DEGREE","STATUS","CREATOR","CREATE_TIME","MODIFIER","MODIFY_TIME","OWNER","OWN_TIME","VERSION_MAJOR","VERSION_MINOR","RESERVED1","RESERVED2","SORT_NO") VALUES('1542094610407','1542094599475',1,'DM7','GRYJSJMX','个人应缴实缴明细','GRYJSJMX','个人应缴实缴明细',1,null,'TEST',0,null,null,null,null,null,null,null,0,1,'superadmin','2018-11-13 15:36:50.376000',null,null,null,null,1,0,null,null,3);
INSERT INTO "BIGDATA"."DATASOURCE_DATASET"("OID","DATASOURCE_ID","DATASOURCE_TYPE","DATASOURCE_TYPE_VERSION","NAME","CAPTION","CODE","DESCRIPTION","TYPE","CATALOG_NAME","SCHEMA_NAME","ROW_COUNT","COUNT_TIME","DATA_UPDATE_TIME","PRIMARY_KEYS","PARAM","QUERY_SQL","NODE_ID","ORG_ID","DEGREE","STATUS","CREATOR","CREATE_TIME","MODIFIER","MODIFY_TIME","OWNER","OWN_TIME","VERSION_MAJOR","VERSION_MINOR","RESERVED1","RESERVED2","SORT_NO") VALUES('1542094610434','1542094599475',1,'DM7','MZBZSJ','民政殡葬数据','MZBZSJ','民政殡葬数据',1,null,'TEST',0,null,null,null,null,null,null,null,0,1,'superadmin','2018-11-13 15:36:50.378000',null,null,null,null,1,0,null,null,4);
INSERT INTO "BIGDATA"."DATASOURCE_DATASET"("OID","DATASOURCE_ID","DATASOURCE_TYPE","DATASOURCE_TYPE_VERSION","NAME","CAPTION","CODE","DESCRIPTION","TYPE","CATALOG_NAME","SCHEMA_NAME","ROW_COUNT","COUNT_TIME","DATA_UPDATE_TIME","PRIMARY_KEYS","PARAM","QUERY_SQL","NODE_ID","ORG_ID","DEGREE","STATUS","CREATOR","CREATE_TIME","MODIFIER","MODIFY_TIME","OWNER","OWN_TIME","VERSION_MAJOR","VERSION_MINOR","RESERVED1","RESERVED2","SORT_NO") VALUES('1542094610444','1542094599475',1,'DM7','XZQHDMB','行政区划代码表','XZQHDMB','行政区划代码表',1,null,'TEST',0,null,null,null,null,null,null,null,0,1,'superadmin','2018-11-13 15:36:50.379000',null,null,null,null,1,0,null,null,5);
INSERT INTO "BIGDATA"."DATASOURCE_DATASET"("OID","DATASOURCE_ID","DATASOURCE_TYPE","DATASOURCE_TYPE_VERSION","NAME","CAPTION","CODE","DESCRIPTION","TYPE","CATALOG_NAME","SCHEMA_NAME","ROW_COUNT","COUNT_TIME","DATA_UPDATE_TIME","PRIMARY_KEYS","PARAM","QUERY_SQL","NODE_ID","ORG_ID","DEGREE","STATUS","CREATOR","CREATE_TIME","MODIFIER","MODIFY_TIME","OWNER","OWN_TIME","VERSION_MAJOR","VERSION_MINOR","RESERVED1","RESERVED2","SORT_NO") VALUES('1542095722798','1542094599475',1,'DM7','SWCBSJ','死亡参保数据','SWCBSJ','死亡参保数据',1,null,'TEST',null,null,null,null,null,null,null,null,0,1,'superadmin','2018-11-13 15:55:22.732000',null,null,null,null,1,0,null,null,6);
INSERT INTO "BIGDATA"."DATASOURCE_DATASET"("OID","DATASOURCE_ID","DATASOURCE_TYPE","DATASOURCE_TYPE_VERSION","NAME","CAPTION","CODE","DESCRIPTION","TYPE","CATALOG_NAME","SCHEMA_NAME","ROW_COUNT","COUNT_TIME","DATA_UPDATE_TIME","PRIMARY_KEYS","PARAM","QUERY_SQL","NODE_ID","ORG_ID","DEGREE","STATUS","CREATOR","CREATE_TIME","MODIFIER","MODIFY_TIME","OWNER","OWN_TIME","VERSION_MAJOR","VERSION_MINOR","RESERVED1","RESERVED2","SORT_NO") VALUES('1542095794485','1542094599475',1,'DM7','SWCBSJ2','死亡参保数据结果','SWCBSJ2','死亡参保数据结果',1,null,'TEST',null,null,null,null,null,null,null,null,0,1,'superadmin','2018-11-13 15:56:34.411000',null,null,null,null,1,0,null,null,7);
INSERT INTO "BIGDATA"."DATASOURCE_DATASET"("OID","DATASOURCE_ID","DATASOURCE_TYPE","DATASOURCE_TYPE_VERSION","NAME","CAPTION","CODE","DESCRIPTION","TYPE","CATALOG_NAME","SCHEMA_NAME","ROW_COUNT","COUNT_TIME","DATA_UPDATE_TIME","PRIMARY_KEYS","PARAM","QUERY_SQL","NODE_ID","ORG_ID","DEGREE","STATUS","CREATOR","CREATE_TIME","MODIFIER","MODIFY_TIME","OWNER","OWN_TIME","VERSION_MAJOR","VERSION_MINOR","RESERVED1","RESERVED2","SORT_NO") VALUES('1542161998902','1542094599475',1,'DM7','YYZYJSD','医院住院结算单','YYZYJSD','医院住院结算单',1,null,'TEST',null,null,null,null,null,null,null,null,0,0,'superadmin','2018-11-14 10:19:58.818000',null,null,null,null,1,0,null,null,8);
INSERT INTO "BIGDATA"."DATASOURCE_DATASET"("OID","DATASOURCE_ID","DATASOURCE_TYPE","DATASOURCE_TYPE_VERSION","NAME","CAPTION","CODE","DESCRIPTION","TYPE","CATALOG_NAME","SCHEMA_NAME","ROW_COUNT","COUNT_TIME","DATA_UPDATE_TIME","PRIMARY_KEYS","PARAM","QUERY_SQL","NODE_ID","ORG_ID","DEGREE","STATUS","CREATOR","CREATE_TIME","MODIFIER","MODIFY_TIME","OWNER","OWN_TIME","VERSION_MAJOR","VERSION_MINOR","RESERVED1","RESERVED2","SORT_NO") VALUES('1542162692863','1542094599475',1,'DM7','ZGJMYBSJ','职工居民医保数据','ZGJMYBSJ','职工居民医保数据',1,null,'JGK',null,null,null,null,null,null,null,null,0,1,'superadmin','2018-11-14 10:31:32.862000',null,null,null,null,1,0,null,null,9);
INSERT INTO "BIGDATA"."DATASOURCE_DATASET"("OID","DATASOURCE_ID","DATASOURCE_TYPE","DATASOURCE_TYPE_VERSION","NAME","CAPTION","CODE","DESCRIPTION","TYPE","CATALOG_NAME","SCHEMA_NAME","ROW_COUNT","COUNT_TIME","DATA_UPDATE_TIME","PRIMARY_KEYS","PARAM","QUERY_SQL","NODE_ID","ORG_ID","DEGREE","STATUS","CREATOR","CREATE_TIME","MODIFIER","MODIFY_TIME","OWNER","OWN_TIME","VERSION_MAJOR","VERSION_MINOR","RESERVED1","RESERVED2","SORT_NO") VALUES('1542162746285','1542094599475',1,'DM7','ZGJMYBSJ2','职工居民医保数据','ZGJMYBSJ2','职工居民医保数据',1,null,'JGK',null,null,null,null,null,null,null,null,0,1,'superadmin','2018-11-14 10:32:26.273000',null,null,null,null,1,0,null,null,10);

INSERT INTO "BIGDATA"."DATASOURCE_DATASOURCE"("OID","NAME","CAPTION","CODE","DESCRIPTION","TYPE","TYPE_VERSION","PARAM","NODE_ID","ORG_ID","DEGREE","STATUS","CREATOR","CREATE_TIME","MODIFIER","MODIFY_TIME","OWNER","OWN_TIME","VERSION_MAJOR","VERSION_MINOR","RESERVED1","RESERVED2","SORT_NO") VALUES('1542094599475','医保测试数据源','YBTEST',null,null,1,'DM7','<DatabaseDataSourceParam  paramVersion="3.0" dbType="DM7" dbHost="{{ hostvars[groups['dm-master']|first]['ansible_ssh_host'] }}" dbPort="{{dm7_listener_port}}}" dbServer="" dbUserName="{{dm7_sysuser}}}" dbPassword="{{dm_connection_password}}" dbName="DAMENG" isCustomUrl="false" dbUrl="" poolInitSize="1" poolMaxPoolSize="10" poolKeepActiveSize="1" poolKeepAliveTime="60" poolWaitTime="5" poolTestStatement="select now" />',null,null,null,0,'superadmin','2018-11-13 15:36:39.474000',null,null,null,null,1,0,'1',null,1);

INSERT INTO "BIGDATA"."DATASOURCE_STATISTIC"("STATISTIC_ID","DATASOURCE_ID","TABLE_COUNT","VIEW_COUNT","RECORD_COUNT","CREATE_TIME") VALUES('0EA2935B41CB4BC7A099E782C8190B70','1542094599475',0,0,0,'2018-11-15 11:44:19.891000');

ALTER TABLE "BIGDATA"."ANALYSE_JOB" ADD CONSTRAINT  PRIMARY KEY("OID") ENABLE ;

ALTER TABLE "BIGDATA"."ANALYSE_NODE" ADD CONSTRAINT  PRIMARY KEY("OID") ENABLE ;

ALTER TABLE "BIGDATA"."DATASOURCE_DATACOLUMN" ADD CONSTRAINT "CONS134218793" UNIQUE("DATASET_ID","NAME") ENABLE ;

ALTER TABLE "BIGDATA"."DATASOURCE_DATACOLUMN" ADD CONSTRAINT "CONS134218794" UNIQUE("DATASET_ID","CODE") ENABLE ;

ALTER TABLE "BIGDATA"."DATASOURCE_DATASET" ADD CONSTRAINT  PRIMARY KEY("OID") ENABLE ;

ALTER TABLE "BIGDATA"."DATASOURCE_DATASET" ADD CONSTRAINT "CONS134218791" UNIQUE("DATASOURCE_ID","SCHEMA_NAME","NAME") ENABLE ;

ALTER TABLE "BIGDATA"."DATASOURCE_DATASET_ARCHIVE" ADD CONSTRAINT  PRIMARY KEY("OID") ENABLE ;

ALTER TABLE "BIGDATA"."DATASOURCE_DATASOURCE" ADD CONSTRAINT  PRIMARY KEY("OID") ENABLE ;

ALTER TABLE "BIGDATA"."DATASOURCE_DATASOURCE" ADD CONSTRAINT "CONS134218787" UNIQUE("NAME") ENABLE ;

ALTER TABLE "BIGDATA"."DATASOURCE_DATASOURCE" ADD CONSTRAINT "CONS134218789" UNIQUE("CAPTION") ENABLE ;

ALTER TABLE "BIGDATA"."DATASOURCE_DATASOURCE" ADD CONSTRAINT "CONS134218788" UNIQUE("CODE") ENABLE ;

COMMENT ON TABLE "BIGDATA"."ANALYSE_JOB" IS '作业';

COMMENT ON COLUMN "BIGDATA"."ANALYSE_JOB"."OID" IS '主键';

COMMENT ON COLUMN "BIGDATA"."ANALYSE_JOB"."PID" IS '父ID';

COMMENT ON COLUMN "BIGDATA"."ANALYSE_JOB"."NAME" IS '作业名';

COMMENT ON COLUMN "BIGDATA"."ANALYSE_JOB"."TYPE" IS '类型';

COMMENT ON COLUMN "BIGDATA"."ANALYSE_JOB"."DESCRIPTION" IS '描述';

COMMENT ON COLUMN "BIGDATA"."ANALYSE_JOB"."DATASOURCE_ID" IS '数据源ID';

COMMENT ON COLUMN "BIGDATA"."ANALYSE_JOB"."OUTPUT_SCHEMA" IS '工作模式';

COMMENT ON COLUMN "BIGDATA"."ANALYSE_JOB"."MXGRAPH" IS 'mxgraph';

COMMENT ON COLUMN "BIGDATA"."ANALYSE_JOB"."SORT" IS '排序';

COMMENT ON COLUMN "BIGDATA"."ANALYSE_JOB"."CREATED_USER" IS '创建用户';

COMMENT ON COLUMN "BIGDATA"."ANALYSE_JOB"."CREATED_TIME" IS '创建时间';

COMMENT ON COLUMN "BIGDATA"."ANALYSE_JOB"."UPDATED_USER" IS '修改用户';

COMMENT ON COLUMN "BIGDATA"."ANALYSE_JOB"."UPDATED_TIME" IS '修改时间';

COMMENT ON TABLE "BIGDATA"."ANALYSE_NODE" IS '节点';

COMMENT ON COLUMN "BIGDATA"."ANALYSE_NODE"."OID" IS '主键';

COMMENT ON COLUMN "BIGDATA"."ANALYSE_NODE"."JOB_ID" IS '作业ID';

COMMENT ON COLUMN "BIGDATA"."ANALYSE_NODE"."TASK_ID" IS '任务ID';

COMMENT ON COLUMN "BIGDATA"."ANALYSE_NODE"."NAME" IS '节点名';

COMMENT ON COLUMN "BIGDATA"."ANALYSE_NODE"."TYPE" IS '节点类型';

COMMENT ON COLUMN "BIGDATA"."ANALYSE_NODE"."DESCRIPTION" IS '描述';

COMMENT ON COLUMN "BIGDATA"."ANALYSE_NODE"."STATE" IS '状态';

COMMENT ON COLUMN "BIGDATA"."ANALYSE_NODE"."INPUTS" IS '输入';

COMMENT ON COLUMN "BIGDATA"."ANALYSE_NODE"."PARAM" IS '节点参数';

COMMENT ON COLUMN "BIGDATA"."ANALYSE_NODE"."CREATED_USER" IS '创建用户';

COMMENT ON COLUMN "BIGDATA"."ANALYSE_NODE"."CREATED_TIME" IS '创建时间';

COMMENT ON COLUMN "BIGDATA"."ANALYSE_NODE"."UPDATED_USER" IS '修改用户';

COMMENT ON COLUMN "BIGDATA"."ANALYSE_NODE"."UPDATED_TIME" IS '修改时间';

COMMENT ON TABLE "BIGDATA"."ANALYSE_NODE_OUTPUT" IS '节点输出';

COMMENT ON COLUMN "BIGDATA"."ANALYSE_NODE_OUTPUT"."OID" IS '主键';

COMMENT ON COLUMN "BIGDATA"."ANALYSE_NODE_OUTPUT"."NODE_ID" IS '节点ID';

COMMENT ON COLUMN "BIGDATA"."ANALYSE_NODE_OUTPUT"."TYPE" IS '类型';

COMMENT ON COLUMN "BIGDATA"."ANALYSE_NODE_OUTPUT"."DESCRIPTION" IS '描述';

COMMENT ON COLUMN "BIGDATA"."ANALYSE_NODE_OUTPUT"."OUTPUT" IS '输出（表/图）';

COMMENT ON TABLE "BIGDATA"."ANALYSE_NODE_OUTPUT_COL" IS '输出列';

COMMENT ON COLUMN "BIGDATA"."ANALYSE_NODE_OUTPUT_COL"."OID" IS '主键';

COMMENT ON COLUMN "BIGDATA"."ANALYSE_NODE_OUTPUT_COL"."OUTPUT_ID" IS '输出ID';

COMMENT ON COLUMN "BIGDATA"."ANALYSE_NODE_OUTPUT_COL"."NAME" IS '列名';

COMMENT ON COLUMN "BIGDATA"."ANALYSE_NODE_OUTPUT_COL"."VALUE" IS '值';

COMMENT ON COLUMN "BIGDATA"."ANALYSE_NODE_OUTPUT_COL"."TYPE" IS '类型';

COMMENT ON COLUMN "BIGDATA"."ANALYSE_NODE_OUTPUT_COL"."OUTPUT_TYPE" IS '值类型';

COMMENT ON COLUMN "BIGDATA"."ANALYSE_NODE_OUTPUT_COL"."AXIS" IS '轴';

COMMENT ON COLUMN "BIGDATA"."ANALYSE_NODE_OUTPUT_COL"."GROUP_TYPE" IS '统计类型';

COMMENT ON COLUMN "BIGDATA"."ANALYSE_NODE_OUTPUT_COL"."CAPTION" IS '标题';

COMMENT ON COLUMN "BIGDATA"."ANALYSE_NODE_OUTPUT_COL"."DESCRIPTION" IS '描述';

COMMENT ON COLUMN "BIGDATA"."ANALYSE_NODE_OUTPUT_COL"."SORT" IS '排序';

COMMENT ON TABLE "BIGDATA"."ANALYSE_PARAM" IS '输出列';

COMMENT ON COLUMN "BIGDATA"."ANALYSE_PARAM"."OID" IS '主键';

COMMENT ON COLUMN "BIGDATA"."ANALYSE_PARAM"."NAME" IS '参数名';

COMMENT ON COLUMN "BIGDATA"."ANALYSE_PARAM"."VALUE" IS '参数值';

COMMENT ON COLUMN "BIGDATA"."ANALYSE_PARAM"."SCOPE" IS '作用域';

COMMENT ON COLUMN "BIGDATA"."ANALYSE_PARAM"."JOB_ID" IS '作业ID';

COMMENT ON COLUMN "BIGDATA"."ANALYSE_PARAM"."DESCRIPTION" IS '描述';

COMMENT ON COLUMN "BIGDATA"."ANALYSE_PARAM"."CREATED_USER" IS '创建用户';

COMMENT ON COLUMN "BIGDATA"."ANALYSE_PARAM"."CREATED_TIME" IS '创建时间';

COMMENT ON COLUMN "BIGDATA"."ANALYSE_PARAM"."UPDATED_USER" IS '修改用户';

COMMENT ON COLUMN "BIGDATA"."ANALYSE_PARAM"."UPDATED_TIME" IS '修改时间';

COMMENT ON TABLE "BIGDATA"."DATASOURCE_DATACOLUMN" IS '数据列信息';

COMMENT ON COLUMN "BIGDATA"."DATASOURCE_DATACOLUMN"."OID" IS '数据列主键ID';

COMMENT ON COLUMN "BIGDATA"."DATASOURCE_DATACOLUMN"."DATASET_ID" IS '所属数据集ID';

COMMENT ON COLUMN "BIGDATA"."DATASOURCE_DATACOLUMN"."NAME" IS '数据源英文名称';

COMMENT ON COLUMN "BIGDATA"."DATASOURCE_DATACOLUMN"."CAPTION" IS '数据源中文显示名称';

COMMENT ON COLUMN "BIGDATA"."DATASOURCE_DATACOLUMN"."CODE" IS '元数据编码';

COMMENT ON COLUMN "BIGDATA"."DATASOURCE_DATACOLUMN"."DESCRIPTION" IS '描述';

COMMENT ON COLUMN "BIGDATA"."DATASOURCE_DATACOLUMN"."COLUMN_TYPE" IS '列类型';

COMMENT ON COLUMN "BIGDATA"."DATASOURCE_DATACOLUMN"."COLUMN_LENGTH" IS '长度';

COMMENT ON COLUMN "BIGDATA"."DATASOURCE_DATACOLUMN"."COLUMN_SCALE" IS '标度';

COMMENT ON COLUMN "BIGDATA"."DATASOURCE_DATACOLUMN"."DEFAULT_VALUE" IS '缺省值';

COMMENT ON COLUMN "BIGDATA"."DATASOURCE_DATACOLUMN"."NULLABLE" IS '是否允许为空值';

COMMENT ON COLUMN "BIGDATA"."DATASOURCE_DATACOLUMN"."JDBC_TYPE" IS '对应JDBC数据类型';

COMMENT ON COLUMN "BIGDATA"."DATASOURCE_DATACOLUMN"."JAVA_TYPE" IS 'java数据类型';

COMMENT ON COLUMN "BIGDATA"."DATASOURCE_DATACOLUMN"."IS_IDENTITY" IS '是否自增列';

COMMENT ON COLUMN "BIGDATA"."DATASOURCE_DATACOLUMN"."IDENTITY_SEED" IS '自增列种子';

COMMENT ON COLUMN "BIGDATA"."DATASOURCE_DATACOLUMN"."IDENTITY_INCR" IS '自增列增量';

COMMENT ON COLUMN "BIGDATA"."DATASOURCE_DATACOLUMN"."DEGREE" IS '访问等级';

COMMENT ON COLUMN "BIGDATA"."DATASOURCE_DATACOLUMN"."IS_PUBLIC" IS '是否公开';

COMMENT ON COLUMN "BIGDATA"."DATASOURCE_DATACOLUMN"."DICT_ID" IS '字典ID';

COMMENT ON COLUMN "BIGDATA"."DATASOURCE_DATACOLUMN"."STANDARD_COLUMN_ID" IS '标准数据列ID';

COMMENT ON COLUMN "BIGDATA"."DATASOURCE_DATACOLUMN"."CREATOR" IS '创建人';

COMMENT ON COLUMN "BIGDATA"."DATASOURCE_DATACOLUMN"."CREATE_TIME" IS '创建时间';

COMMENT ON COLUMN "BIGDATA"."DATASOURCE_DATACOLUMN"."MODIFIER" IS '最后一次修改人';

COMMENT ON COLUMN "BIGDATA"."DATASOURCE_DATACOLUMN"."MODIFY_TIME" IS '最后一次修改时间';

COMMENT ON COLUMN "BIGDATA"."DATASOURCE_DATACOLUMN"."OWNER" IS '拥有者';

COMMENT ON COLUMN "BIGDATA"."DATASOURCE_DATACOLUMN"."OWN_TIME" IS '拥有时间';

COMMENT ON COLUMN "BIGDATA"."DATASOURCE_DATACOLUMN"."VERSION_MAJOR" IS '主版本号';

COMMENT ON COLUMN "BIGDATA"."DATASOURCE_DATACOLUMN"."VERSION_MINOR" IS '次版本号';

COMMENT ON COLUMN "BIGDATA"."DATASOURCE_DATACOLUMN"."RESERVED1" IS '保留字段1';

COMMENT ON COLUMN "BIGDATA"."DATASOURCE_DATACOLUMN"."RESERVED2" IS '保留字段2';

COMMENT ON COLUMN "BIGDATA"."DATASOURCE_DATACOLUMN"."SORT_NO" IS '排序号';

COMMENT ON TABLE "BIGDATA"."DATASOURCE_DATACOLUMN_ARCHIVE" IS '数据列信息存档';

COMMENT ON COLUMN "BIGDATA"."DATASOURCE_DATACOLUMN_ARCHIVE"."OID" IS '数据列存档主键ID';

COMMENT ON COLUMN "BIGDATA"."DATASOURCE_DATACOLUMN_ARCHIVE"."DATASET_ARCHIVE_ID" IS '数据集存档ID';

COMMENT ON COLUMN "BIGDATA"."DATASOURCE_DATACOLUMN_ARCHIVE"."DATASET_ID" IS '所属数据集ID';

COMMENT ON COLUMN "BIGDATA"."DATASOURCE_DATACOLUMN_ARCHIVE"."NAME" IS '数据源英文名称';

COMMENT ON COLUMN "BIGDATA"."DATASOURCE_DATACOLUMN_ARCHIVE"."CAPTION" IS '数据源中文显示名称';

COMMENT ON COLUMN "BIGDATA"."DATASOURCE_DATACOLUMN_ARCHIVE"."CODE" IS '元数据编码';

COMMENT ON COLUMN "BIGDATA"."DATASOURCE_DATACOLUMN_ARCHIVE"."DESCRIPTION" IS '描述';

COMMENT ON COLUMN "BIGDATA"."DATASOURCE_DATACOLUMN_ARCHIVE"."COLUMN_TYPE" IS '列类型';

COMMENT ON COLUMN "BIGDATA"."DATASOURCE_DATACOLUMN_ARCHIVE"."COLUMN_LENGTH" IS '长度';

COMMENT ON COLUMN "BIGDATA"."DATASOURCE_DATACOLUMN_ARCHIVE"."COLUMN_SCALE" IS '标度';

COMMENT ON COLUMN "BIGDATA"."DATASOURCE_DATACOLUMN_ARCHIVE"."DEFAULT_VALUE" IS '缺省值';

COMMENT ON COLUMN "BIGDATA"."DATASOURCE_DATACOLUMN_ARCHIVE"."NULLABLE" IS '是否允许为空值';

COMMENT ON COLUMN "BIGDATA"."DATASOURCE_DATACOLUMN_ARCHIVE"."JDBC_TYPE" IS '对应JDBC数据类型';

COMMENT ON COLUMN "BIGDATA"."DATASOURCE_DATACOLUMN_ARCHIVE"."JAVA_TYPE" IS 'java数据类型';

COMMENT ON COLUMN "BIGDATA"."DATASOURCE_DATACOLUMN_ARCHIVE"."IS_IDENTITY" IS '是否自增列';

COMMENT ON COLUMN "BIGDATA"."DATASOURCE_DATACOLUMN_ARCHIVE"."IDENTITY_SEED" IS '自增列种子';

COMMENT ON COLUMN "BIGDATA"."DATASOURCE_DATACOLUMN_ARCHIVE"."IDENTITY_INCR" IS '自增列增量';

COMMENT ON COLUMN "BIGDATA"."DATASOURCE_DATACOLUMN_ARCHIVE"."DEGREE" IS '访问等级';

COMMENT ON COLUMN "BIGDATA"."DATASOURCE_DATACOLUMN_ARCHIVE"."IS_PUBLIC" IS '是否公开';

COMMENT ON COLUMN "BIGDATA"."DATASOURCE_DATACOLUMN_ARCHIVE"."DICT_ID" IS '字典ID';

COMMENT ON COLUMN "BIGDATA"."DATASOURCE_DATACOLUMN_ARCHIVE"."STANDARD_COLUMN_ID" IS '标准数据列ID';

COMMENT ON COLUMN "BIGDATA"."DATASOURCE_DATACOLUMN_ARCHIVE"."CREATOR" IS '创建人';

COMMENT ON COLUMN "BIGDATA"."DATASOURCE_DATACOLUMN_ARCHIVE"."CREATE_TIME" IS '创建时间';

COMMENT ON COLUMN "BIGDATA"."DATASOURCE_DATACOLUMN_ARCHIVE"."MODIFIER" IS '最后一次修改人';

COMMENT ON COLUMN "BIGDATA"."DATASOURCE_DATACOLUMN_ARCHIVE"."MODIFY_TIME" IS '最后一次修改时间';

COMMENT ON COLUMN "BIGDATA"."DATASOURCE_DATACOLUMN_ARCHIVE"."OWNER" IS '拥有者';

COMMENT ON COLUMN "BIGDATA"."DATASOURCE_DATACOLUMN_ARCHIVE"."OWN_TIME" IS '拥有时间';

COMMENT ON COLUMN "BIGDATA"."DATASOURCE_DATACOLUMN_ARCHIVE"."VERSION_MAJOR" IS '主版本号';

COMMENT ON COLUMN "BIGDATA"."DATASOURCE_DATACOLUMN_ARCHIVE"."VERSION_MINOR" IS '次版本号';

COMMENT ON COLUMN "BIGDATA"."DATASOURCE_DATACOLUMN_ARCHIVE"."RESERVED1" IS '保留字段1';

COMMENT ON COLUMN "BIGDATA"."DATASOURCE_DATACOLUMN_ARCHIVE"."RESERVED2" IS '保留字段2';

COMMENT ON COLUMN "BIGDATA"."DATASOURCE_DATACOLUMN_ARCHIVE"."SORT_NO" IS '排序号';

COMMENT ON TABLE "BIGDATA"."DATASOURCE_DATASET" IS '数据集信息';

COMMENT ON COLUMN "BIGDATA"."DATASOURCE_DATASET"."OID" IS '数据集主键ID';

COMMENT ON COLUMN "BIGDATA"."DATASOURCE_DATASET"."DATASOURCE_ID" IS '所属数据源ID';

COMMENT ON COLUMN "BIGDATA"."DATASOURCE_DATASET"."DATASOURCE_TYPE" IS '所属数据源类型';

COMMENT ON COLUMN "BIGDATA"."DATASOURCE_DATASET"."DATASOURCE_TYPE_VERSION" IS '所属数据源版本';

COMMENT ON COLUMN "BIGDATA"."DATASOURCE_DATASET"."NAME" IS '数据集英文名称';

COMMENT ON COLUMN "BIGDATA"."DATASOURCE_DATASET"."CAPTION" IS '数据集中文显示名称';

COMMENT ON COLUMN "BIGDATA"."DATASOURCE_DATASET"."CODE" IS '元数据编码';

COMMENT ON COLUMN "BIGDATA"."DATASOURCE_DATASET"."DESCRIPTION" IS '描述';

COMMENT ON COLUMN "BIGDATA"."DATASOURCE_DATASET"."TYPE" IS '数据集类型';

COMMENT ON COLUMN "BIGDATA"."DATASOURCE_DATASET"."CATALOG_NAME" IS '所属数据库';

COMMENT ON COLUMN "BIGDATA"."DATASOURCE_DATASET"."SCHEMA_NAME" IS '所属模式';

COMMENT ON COLUMN "BIGDATA"."DATASOURCE_DATASET"."ROW_COUNT" IS '记录数';

COMMENT ON COLUMN "BIGDATA"."DATASOURCE_DATASET"."COUNT_TIME" IS '最后一次统计记录数的时间';

COMMENT ON COLUMN "BIGDATA"."DATASOURCE_DATASET"."DATA_UPDATE_TIME" IS '最后一次更新数据时间';

COMMENT ON COLUMN "BIGDATA"."DATASOURCE_DATASET"."PRIMARY_KEYS" IS '主键列';

COMMENT ON COLUMN "BIGDATA"."DATASOURCE_DATASET"."PARAM" IS '数据集扩展参数';

COMMENT ON COLUMN "BIGDATA"."DATASOURCE_DATASET"."QUERY_SQL" IS 'SQL查询类型数据集的SQL';

COMMENT ON COLUMN "BIGDATA"."DATASOURCE_DATASET"."NODE_ID" IS '节点编号';

COMMENT ON COLUMN "BIGDATA"."DATASOURCE_DATASET"."DEGREE" IS '访问等级';

COMMENT ON COLUMN "BIGDATA"."DATASOURCE_DATASET"."STATUS" IS '状态';

COMMENT ON COLUMN "BIGDATA"."DATASOURCE_DATASET"."CREATOR" IS '创建人';

COMMENT ON COLUMN "BIGDATA"."DATASOURCE_DATASET"."CREATE_TIME" IS '创建时间';

COMMENT ON COLUMN "BIGDATA"."DATASOURCE_DATASET"."MODIFIER" IS '最后一次修改人';

COMMENT ON COLUMN "BIGDATA"."DATASOURCE_DATASET"."MODIFY_TIME" IS '最后一次修改时间';

COMMENT ON COLUMN "BIGDATA"."DATASOURCE_DATASET"."OWNER" IS '拥有者';

COMMENT ON COLUMN "BIGDATA"."DATASOURCE_DATASET"."OWN_TIME" IS '拥有时间';

COMMENT ON COLUMN "BIGDATA"."DATASOURCE_DATASET"."VERSION_MAJOR" IS '主版本号';

COMMENT ON COLUMN "BIGDATA"."DATASOURCE_DATASET"."VERSION_MINOR" IS '次版本号';

COMMENT ON COLUMN "BIGDATA"."DATASOURCE_DATASET"."RESERVED1" IS '保留字段1';

COMMENT ON COLUMN "BIGDATA"."DATASOURCE_DATASET"."RESERVED2" IS '保留字段2';

COMMENT ON COLUMN "BIGDATA"."DATASOURCE_DATASET"."SORT_NO" IS '排序号';

COMMENT ON TABLE "BIGDATA"."DATASOURCE_DATASET_ARCHIVE" IS '数据集信息存档';

COMMENT ON COLUMN "BIGDATA"."DATASOURCE_DATASET_ARCHIVE"."OID" IS '数据集存档主键ID';

COMMENT ON COLUMN "BIGDATA"."DATASOURCE_DATASET_ARCHIVE"."DATASOURCE_ID" IS '所属数据源ID';

COMMENT ON COLUMN "BIGDATA"."DATASOURCE_DATASET_ARCHIVE"."DATASET_ID" IS '数据集的ID';

COMMENT ON COLUMN "BIGDATA"."DATASOURCE_DATASET_ARCHIVE"."DATASOURCE_TYPE" IS '所属数据源类型';

COMMENT ON COLUMN "BIGDATA"."DATASOURCE_DATASET_ARCHIVE"."DATASOURCE_TYPE_VERSION" IS '所属数据源版本';

COMMENT ON COLUMN "BIGDATA"."DATASOURCE_DATASET_ARCHIVE"."NAME" IS '数据集英文名称';

COMMENT ON COLUMN "BIGDATA"."DATASOURCE_DATASET_ARCHIVE"."CAPTION" IS '数据集中文显示名称';

COMMENT ON COLUMN "BIGDATA"."DATASOURCE_DATASET_ARCHIVE"."CODE" IS '元数据编码';

COMMENT ON COLUMN "BIGDATA"."DATASOURCE_DATASET_ARCHIVE"."DESCRIPTION" IS '描述';

COMMENT ON COLUMN "BIGDATA"."DATASOURCE_DATASET_ARCHIVE"."TYPE" IS '数据集类型';

COMMENT ON COLUMN "BIGDATA"."DATASOURCE_DATASET_ARCHIVE"."CATALOG_NAME" IS '所属数据库';

COMMENT ON COLUMN "BIGDATA"."DATASOURCE_DATASET_ARCHIVE"."SCHEMA_NAME" IS '所属模式';

COMMENT ON COLUMN "BIGDATA"."DATASOURCE_DATASET_ARCHIVE"."ROW_COUNT" IS '记录数';

COMMENT ON COLUMN "BIGDATA"."DATASOURCE_DATASET_ARCHIVE"."COUNT_TIME" IS '最后一次统计记录数的时间';

COMMENT ON COLUMN "BIGDATA"."DATASOURCE_DATASET_ARCHIVE"."DATA_UPDATE_TIME" IS '最后一次更新数据时间';

COMMENT ON COLUMN "BIGDATA"."DATASOURCE_DATASET_ARCHIVE"."PRIMARY_KEYS" IS '主键列';

COMMENT ON COLUMN "BIGDATA"."DATASOURCE_DATASET_ARCHIVE"."PARAM" IS '数据集扩展参数';

COMMENT ON COLUMN "BIGDATA"."DATASOURCE_DATASET_ARCHIVE"."QUERY_SQL" IS 'SQL查询类型数据集的SQL';

COMMENT ON COLUMN "BIGDATA"."DATASOURCE_DATASET_ARCHIVE"."NODE_ID" IS '节点编号';

COMMENT ON COLUMN "BIGDATA"."DATASOURCE_DATASET_ARCHIVE"."DEGREE" IS '访问等级';

COMMENT ON COLUMN "BIGDATA"."DATASOURCE_DATASET_ARCHIVE"."STATUS" IS '状态';

COMMENT ON COLUMN "BIGDATA"."DATASOURCE_DATASET_ARCHIVE"."CREATOR" IS '创建人';

COMMENT ON COLUMN "BIGDATA"."DATASOURCE_DATASET_ARCHIVE"."CREATE_TIME" IS '创建时间';

COMMENT ON COLUMN "BIGDATA"."DATASOURCE_DATASET_ARCHIVE"."MODIFIER" IS '最后一次修改人';

COMMENT ON COLUMN "BIGDATA"."DATASOURCE_DATASET_ARCHIVE"."MODIFY_TIME" IS '最后一次修改时间';

COMMENT ON COLUMN "BIGDATA"."DATASOURCE_DATASET_ARCHIVE"."OWNER" IS '拥有者';

COMMENT ON COLUMN "BIGDATA"."DATASOURCE_DATASET_ARCHIVE"."OWN_TIME" IS '拥有时间';

COMMENT ON COLUMN "BIGDATA"."DATASOURCE_DATASET_ARCHIVE"."VERSION_MAJOR" IS '主版本号';

COMMENT ON COLUMN "BIGDATA"."DATASOURCE_DATASET_ARCHIVE"."VERSION_MINOR" IS '次版本号';

COMMENT ON COLUMN "BIGDATA"."DATASOURCE_DATASET_ARCHIVE"."RESERVED1" IS '保留字段1';

COMMENT ON COLUMN "BIGDATA"."DATASOURCE_DATASET_ARCHIVE"."RESERVED2" IS '保留字段2';

COMMENT ON COLUMN "BIGDATA"."DATASOURCE_DATASET_ARCHIVE"."SORT_NO" IS '排序号';

COMMENT ON TABLE "BIGDATA"."DATASOURCE_DATASOURCE" IS '数据源信息';

COMMENT ON COLUMN "BIGDATA"."DATASOURCE_DATASOURCE"."OID" IS '数据源主键ID';

COMMENT ON COLUMN "BIGDATA"."DATASOURCE_DATASOURCE"."NAME" IS '数据源英文名称';

COMMENT ON COLUMN "BIGDATA"."DATASOURCE_DATASOURCE"."CAPTION" IS '数据源中文显示名称';

COMMENT ON COLUMN "BIGDATA"."DATASOURCE_DATASOURCE"."CODE" IS '元数据编码';

COMMENT ON COLUMN "BIGDATA"."DATASOURCE_DATASOURCE"."DESCRIPTION" IS '描述';

COMMENT ON COLUMN "BIGDATA"."DATASOURCE_DATASOURCE"."TYPE" IS '数据源类型';

COMMENT ON COLUMN "BIGDATA"."DATASOURCE_DATASOURCE"."TYPE_VERSION" IS '数据源子类型';

COMMENT ON COLUMN "BIGDATA"."DATASOURCE_DATASOURCE"."PARAM" IS '数据源参数';

COMMENT ON COLUMN "BIGDATA"."DATASOURCE_DATASOURCE"."NODE_ID" IS '节点编号';

COMMENT ON COLUMN "BIGDATA"."DATASOURCE_DATASOURCE"."DEGREE" IS '访问等级';

COMMENT ON COLUMN "BIGDATA"."DATASOURCE_DATASOURCE"."STATUS" IS '状态';

COMMENT ON COLUMN "BIGDATA"."DATASOURCE_DATASOURCE"."CREATOR" IS '创建人';

COMMENT ON COLUMN "BIGDATA"."DATASOURCE_DATASOURCE"."CREATE_TIME" IS '创建时间';

COMMENT ON COLUMN "BIGDATA"."DATASOURCE_DATASOURCE"."MODIFIER" IS '最后一次修改人';

COMMENT ON COLUMN "BIGDATA"."DATASOURCE_DATASOURCE"."MODIFY_TIME" IS '最后一次修改时间';

COMMENT ON COLUMN "BIGDATA"."DATASOURCE_DATASOURCE"."OWNER" IS '拥有者';

COMMENT ON COLUMN "BIGDATA"."DATASOURCE_DATASOURCE"."OWN_TIME" IS '拥有时间';

COMMENT ON COLUMN "BIGDATA"."DATASOURCE_DATASOURCE"."VERSION_MAJOR" IS '主版本号';

COMMENT ON COLUMN "BIGDATA"."DATASOURCE_DATASOURCE"."VERSION_MINOR" IS '次版本号';

COMMENT ON COLUMN "BIGDATA"."DATASOURCE_DATASOURCE"."RESERVED1" IS '保留字段1';

COMMENT ON COLUMN "BIGDATA"."DATASOURCE_DATASOURCE"."RESERVED2" IS '保留字段2';

COMMENT ON COLUMN "BIGDATA"."DATASOURCE_DATASOURCE"."SORT_NO" IS '排序号';

COMMENT ON TABLE "BIGDATA"."DATASOURCE_STATISTIC" IS '数据源统计信息';

COMMENT ON COLUMN "BIGDATA"."DATASOURCE_STATISTIC"."STATISTIC_ID" IS '主键';

COMMENT ON COLUMN "BIGDATA"."DATASOURCE_STATISTIC"."DATASOURCE_ID" IS '数据源id';

COMMENT ON COLUMN "BIGDATA"."DATASOURCE_STATISTIC"."TABLE_COUNT" IS '表的数量';

COMMENT ON COLUMN "BIGDATA"."DATASOURCE_STATISTIC"."VIEW_COUNT" IS '视图的数量';

COMMENT ON COLUMN "BIGDATA"."DATASOURCE_STATISTIC"."RECORD_COUNT" IS '记录的数量';

COMMENT ON COLUMN "BIGDATA"."DATASOURCE_STATISTIC"."CREATE_TIME" IS '创建时间';

